code_paiement;date_paiement;filiale;fournisseur;montant;type_paiement;statut;banque;numero_compte;beneficiaire;reference;notes
;11/04/2024;AFRICAN FRET & SERVICE;M. MAMBENDA / TRANSITAIRE;4.000.000,00;Chèque;Validé;BGFI AFS;;M. MAMBENDA / TRANSITAIRE;;RETRAIT CH     167 MR MAMBEND
;04/06/2024;JETA ENGINEERING SA;CREDIT BAIL AFG;20.365.351,00;Opération bancaire;Validé;AFG JE;;CREDIT BAIL AFG;;VIREMENT PARTIEL SUR 1 ER LOYER AVRIL
;13/08/2024;JETA ENGINEERING SA;CREDIT BAIL AFG;24.454.180,00;Opération bancaire;Validé;AFG JE;;CREDIT BAIL AFG;;VIREMENT REGULARISATION SUR LOYER IMPAYE DU 30/07/2024 + PENALIT2 DE RETARD
;13/08/2024;JETA ENGINEERING SA;CREDIT BAIL AFG;64.149.908,00;Opération bancaire;Validé;AFG JE;;CREDIT BAIL AFG;;VIREMENT REGULARISATION SUR LOYER IMPAYE DU 30/07/2024 + PENALITE DE RETARD (354 278)
;13/08/2024;JETA ENGINEERING SA;CREDIT BAIL AFG;14.158.977,00;Opération bancaire;Validé;AFG JE;;CREDIT BAIL AFG;;VIREMENT REGULARISATION SUR LOYER IMPAYE DU 30/07/2024 + PENALITE DE RETARD (78 195)
;13/08/2024;JETA ENGINEERING SA;CREDIT BAIL AFG;12.306.678,00;Opération bancaire;Validé;AFG JE;;CREDIT BAIL AFG;;VIREMENT REGULARISATION SUR LOYER IMPAYE DU 30/07/2024 + PENALITE DE RETARD (67 966)
;14/10/2024;JETA ENGINEERING SA;CREDIT BAIL AFG;207.900.000,00;Opération bancaire;Validé;AFG JE;;CREDIT BAIL AFG;;VIREMENT PRELEVEMENT DIVERS LOYERS CB IMPAYES
;12/11/2024;JETA ENGINEERING SA;CREDIT BAIL AFG;73.350.390,00;Opération bancaire;Validé;AFG JE;;CREDIT BAIL AFG;;VIREMENT PRELEV LOYER IMPAY DU 05/10/2024 +PENALITE DE RETARD
;12/11/2024;JETA ENGINEERING SA;CREDIT BAIL AFG;72.472.689,00;Opération bancaire;Validé;AFG JE;;CREDIT BAIL AFG;;VIREMENT PRELEV LOYER IMPAY DU 05/11/2024 +PENALITE DE RETARD
;26/05/2025;JETA ENGINEERING SA;CREDIT BAIL AFG;15.658.446,00;Opération bancaire;Validé;AFG JE;;CREDIT BAIL AFG;;REGULARISATION REGULARISATION SUR DIVERS LOYERS IMPAYES NOVEMBRE-DECEMBRE 2024 - JANVIER A AVRIL 2025
;10/07/2025;JETA ENGINEERING SA;CREDIT BAIL AFG;2.272.537,00;Opération bancaire;Validé;AFG JE;;CREDIT BAIL AFG;;REGULARISATION REGULARISATION SUR LOYER IMPAYE DU 30/06/2025
;10/07/2025;JETA ENGINEERING SA;CREDIT BAIL AFG;72.000.000,00;Opération bancaire;Validé;AFG JE;;CREDIT BAIL AFG;;REGULARISATION REGULARISATION SUR LOYER IMPAYE DU 05/06/2025
;11/08/2025;JETA ENGINEERING SA;LV EQUIPEMENT SERVICE;60.000.000,00;Chèque;Validé;AFG JE;;LV EQUIPEMENT SERVICE;;CHEQUE NUMERO Num cheq: 0000205
;11/08/2025;JETA ENGINEERING SA;LV EQUIPEMENT SERVICE;60.000.000,00;Chèque;Validé;AFG JE;;LV EQUIPEMENT SERVICE;;CHEQUE NUMERO Num cheq: 0000204
;11/08/2025;JETA ENGINEERING SA;LV EQUIPEMENT SERVICE;60.000.000,00;Chèque;Validé;AFG JE;;LV EQUIPEMENT SERVICE;;CHEQUE NUMERO Num cheq: 0000206
;11/08/2025;JETA ENGINEERING SA;LV EQUIPEMENT SERVICE;60.000.000,00;Chèque;Validé;AFG JE;;LV EQUIPEMENT SERVICE;;CHEQUE NUMERO Num cheq: 0000207
;11/08/2025;JETA ENGINEERING SA;LV EQUIPEMENT SERVICE;60.000.000,00;Chèque;Validé;AFG JE;;LV EQUIPEMENT SERVICE;;CHEQUE NUMERO Num cheq: 0000208
;11/08/2025;JETA ENGINEERING SA;COLAS GABON;100.000.000,00;Virement;Validé;AFG JE;;COLAS GABON;;TRANSFERT COMPTE A COMPTE O/ JETA ENGINEERING F/ COLAS GABON - RGT FACTS O/ JETA ENGINEERINGF/ COLAS GABON: RGT FACTS
;12/08/2025;JETA ENGINEERING SA;CREDIT BAIL AFG;28.302.965,00;Opération bancaire;Validé;AFG JE;;CREDIT BAIL AFG;;PRELEVEMENT PRELEVEMENT PARTIEL SUR LOYER IMPAYE DU 05/07/2025
;12/08/2025;JETA ENGINEERING SA;CREDIT BAIL AFG;2.272.537,00;Opération bancaire;Validé;AFG JE;;CREDIT BAIL AFG;;REGULARISATION REGULARISATION SUR LOYER IMPAYE DU 30/07/2025
;29/08/2025;JETA ENGINEERING SA;MATELEC;11.031.300,00;Chèque;Validé;AFG JE;;MATELEC;;REMISE DE CHEQUE INTRA Num cheq: 0000321
;29/08/2025;JETA ENGINEERING SA;PRO CONSULTING SERVICES;7.520.920,00;Chèque;Validé;AFG JE;;PRO CONSULTING SERVICES;;CHEQUE RECUS Num cheq: 0000202
;05/09/2025;JETA ENGINEERING SA;LV EQUIPEMENT SERVICE;63.065.537,00;Chèque;Validé;AFG JE;;LV EQUIPEMENT SERVICE;;DEBIT DIVERS PAIEMENT CHQ 0000322
;05/09/2025;JETA ENGINEERING SA;LV EQUIPEMENT SERVICE;63.065.538,00;Chèque;Validé;AFG JE;;LV EQUIPEMENT SERVICE;;CHEQUE NUMERO Num cheq: 0000323
;31/10/2025;JETA ENGINEERING SA;SOGEM TP;102.968.055,00;Traite;Validé;AFG JE;;SOGEM TP;;EFFETS A L'ENCAISSEMENT- REGLEMENT
;31/10/2025;JETA ENGINEERING SA;SOGEM TP;102.968.055,00;Traite;Validé;AFG JE;;SOGEM TP;;EFFETS A L'ENCAISSEMENT- REGLEMENT
;03/11/2025;JETA ENGINEERING SA;CREDIT BAIL AFG;2.272.537,00;Opération bancaire;Validé;AFG JE;;CREDIT BAIL AFG;;REGULARISATION REGUARISATION SUR LOYER IMAPYE DU 30/09/2025
;03/11/2025;JETA ENGINEERING SA;CREDIT BAIL AFG;44.000.000,00;Opération bancaire;Validé;AFG JE;;CREDIT BAIL AFG;;REGULARISATION REGUARISATION SUR LOYER IMAPYE DU 05/09/2025
;07/01/2026;JETA ENGINEERING SA;SOGEM TP;102.968.055,00;Traite;Validé;AFG JE;;SOGEM TP;;VIREMENT  EFFET JETA ENGINEERING / DE SOGEM TP ECHEANCE DU 31/12/2025
;16/01/2026;JETA ENGINEERING SA;SOGEM TP;102.968.055,00;Traite;Validé;AFG JE;;SOGEM TP;;VIREMENT  REGL.EFFETTIRE JETA ENGINEERING EN FAVEUR DE SOGEM TPp ECHEANCE DU 30/11/2025
;28/01/2026;JETA ENGINEERING SA;BERNABE GABON SA;926.617,00;Cash;Validé;CASH JETA ENGINEERING;;BERNABE GABON SA;;ACHAT MATERIEL POUR LES TRAVAUX DE CONSTRUCTION DE L'UNIVERSITE DE MOUILA(chalumeau/ cle a molette/cle serre tubes/antiretour/tuyau jumelle ) MME CENDHY
;28/01/2026;JETA ENGINEERING SA;FOBERD GABON;358.000,00;Cash;Validé;CASH JETA ENGINEERING;;FOBERD GABON;;ACHAT DE MATERIELS POUR LES TRAVAUX DE CONSTRUCTION DE L'UNIVERSITE DE MOUILA ( culotte 125 /culotte 160 /culotte 100) MME CENDHY
;30/01/2026;JETA ENGINEERING SA;SOGEM TP;102.968.055,00;Traite;Validé;AFG JE;;SOGEM TP;;DEBIT DIVERS  PAIEMENT EFFET SOGEM  TP ECHEANCE AU 31/01/26 001EABG260280504
;02/02/2026;JETA ENGINEERING SA;SOGEM TP;102.968.055,00;Traite;Validé;AFG JE;;SOGEM TP;;EFFETS A L'ENCAISSEMENT-REGLEMENT
;03/02/2026;JETA ENGINEERING SA;SOGEM TP;102.968.055,00;Traite;Validé;AFG JE;;SOGEM TP;;EFFETS A L'ENCAISSEMENT-REGLEMENT
;22/10/2025;JETA GROUPE HOLDING;AUTO DESIGN BARAKA;15.000.000,00;Cash;Validé;CASH HOLDING;;AUTO DESIGN BARAKA;;DECAISSEMENT // M KAHIL HASSAN ALEXIS // AUTODESIGN BARAKA
;24/12/2025;JETA GROUPE HOLDING;ELITE PROTECTION SECURITE;3.000.000,00;Cash;Validé;CASH HOLDING;;ELITE PROTECTION SECURITE;;11-2025
;09/01/2026;JETA GROUPE HOLDING;SOCIETE PRESTIGE AUTO LUXE;5.000.000,00;Cash;Validé;CASH HOLDING;;SOCIETE PRESTIGE AUTO LUXE;;REGLEMENT RELIQUAT SUR CHEQUE IMPAYE M JABER ALI/SOCIETE PRESTIGE AUTO
;10/01/2026;JETA GROUPE HOLDING;TAYAM EVENT;2.247.000,00;Cash;Validé;CASH HOLDING;;TAYAM EVENT;;REGLEMET RELIQUAT FACTURE + FACTURE ADDITIVE TAYAM EVENT  M DELPECHE VALERY DAVID / TAYAM EVENT
;16/01/2026;JETA GROUPE HOLDING;ELITE PROTECTION SECURITE;3.795.000,00;Cash;Validé;CASH HOLDING;;ELITE PROTECTION SECURITE;;REGLEMENT RELIQUAT FACTURE ELITE PROTECTION  M EYI ONDO FREDY
;21/01/2026;JETA GROUPE HOLDING;JAL DECO;600.000,00;Cash;Validé;CASH HOLDING;;JAL DECO;;REGLEMENT DE 03 PORTES CAPITONNES BUREAUX PDG  JAL DECO/MME LEONIE ASSABA
;21/01/2026;JETA GROUPE HOLDING;JAL DECO;1.869.750,00;Cash;Validé;CASH HOLDING;;JAL DECO;;PAIEMENT FRAIS DE POSE STORE A LA DAS TROPIGAB JAL DECO/MME LEONIE ASSABA
;21/01/2026;JETA GROUPE HOLDING;JAL DECO;3.733.200,00;Cash;Validé;CASH HOLDING;;JAL DECO;;REGLEMENT FACTURE POUR REMPLACEMENT TAPIS ESCALIERS DU HALL JAL DECO/MME LEONIE ASSABA
;21/01/2026;JETA GROUPE HOLDING;SONAPRESSE;398.700,00;Cash;Validé;CASH HOLDING;;SONAPRESSE;;PAIMENT FACTURE POUR MISE EN PLACE D'UN N MANUEL DE PROCEDURE  SONAPRESSE
;21/01/2026;JETA GROUPE HOLDING;CABINET MEDICAL NESTY;265.000,00;Cash;Validé;CASH HOLDING;;CABINET MEDICAL NESTY;;REGLEMENT FACTURE POUR VISITE MEDICALE AGENTS JETA ENG CABINET MEDICAL NESTY
;22/01/2026;JETA GROUPE HOLDING;GIPA GABONAISE D'IMPRIMERIE ET DE PAPETERIE SA;85.000,00;Cash;Validé;CASH HOLDING;;GIPA GABONAISE D'IMPRIMERIE ET DE PAPETERIE SA;;ACHAT CLASSEUR POUR LA COMPTABILITE  M RAPHAEL
;22/01/2026;JETA GROUPE HOLDING;GLOBAL ELECTRONIC & SERVICES;1.317.575,00;Cash;Validé;CASH HOLDING;;GLOBAL ELECTRONIC & SERVICES;;ACHAT DE 03 POSTES PORTATIF DE COMMUNICATION AVEC INSTALLATION POUR LA HOLDING  GLOBAL ELECTRONIC SERVICE/ GLOBAL ELECTRONIC  ET SERVICES
;28/01/2026;JETA GROUPE HOLDING;GABON TELECOM;20.000.000,00;Cash;Validé;CASH HOLDING;;GABON TELECOM;;AVANCE SUR FACTURE GABON TELECOM OCTOBRE/NOVEMBRE /DECEMBRE  M MOUSSAVOU ELOI
;06/02/2026;JETA GROUPE HOLDING;SOCIETE PRESTIGE AUTO LUXE;10.000.000,00;Cash;Validé;CASH HOLDING;;SOCIETE PRESTIGE AUTO LUXE;;AVANCE SUR FACTURE/RETOUR CHEQUE IMPAYE  M ALI JABER
;09/02/2026;JETA GROUPE HOLDING;TRAVEL POINT;2.440.000,00;Cash;Validé;CASH HOLDING;;TRAVEL POINT;;ACHAT BILLET D'AVION POUR ABIDJAN  TRAVEL POINT / M SAXENA AYUSH
;10/02/2026;JETA GROUPE HOLDING;SOCIETE NICOF;2.800.000,00;Cash;Validé;CASH HOLDING;;SOCIETE NICOF;;SOLDE DE TOUT COMPTE EX EMPLOYE SOCIETE NCOF M NIANG MAMADOU
;10/02/2026;JETA GROUPE HOLDING;AUTO DESIGN BARAKA;20.000.000,00;Cash;Validé;CASH HOLDING;;AUTO DESIGN BARAKA;;PAIEMENT ESPECE/ RETOUR CHEQUE IMPAYE /ACCORD PDG AGANO M KAHIL HASSAN ALEXIS
;19/02/2026;JETA GROUPE HOLDING;GABON TELECOM;2.247.953,00;Cash;Validé;CASH HOLDING;;GABON TELECOM;;REGLEMENT FACTURE GABON TELECOM M MOUSSAVOU ELOI
;06/03/2026;JETA GROUPE HOLDING;TRAVEL POINT;27.300.000,00;Cash;Validé;CASH HOLDING;;TRAVEL POINT;;ACHAT BILLET D'AVION COLLABORATEURS MAROCAINS  TRAVEL POINT/M PUNJABI HITESH
;10/03/2026;JETA GROUPE HOLDING;HARIOM TRAVELS;18.349.000,00;Cash;Validé;CASH HOLDING;;HARIOM TRAVELS;;ACHAT DE 05 BILLETS D'AVION ABIDJAN-PARIS/ACCORD PDG AGANO HARIOM TRAVELS/ M GHANDI CHIRAG ASHOKKUMAR
;18/02/2026;JETACOMM;SARL PRIMEDIA GABON;6.000.000,00;Cash;Validé;CASH JETACOM;;SARL PRIMEDIA GABON;;PAIEMENT ESPECE/CHEQUE IMPAYE /TRAVAUX TOTEM JETACOM M ALI KOTEICHE / PRIMEDIA
;09/01/2024;LE ROI DES CHANTIERS;NF TP;72.800.000,00;Virement;Validé;BGFI LRC;;NF TP;;VIR.EMIS  NF TP
;10/01/2024;LE ROI DES CHANTIERS;BAMBA RASSOUL;900.000,00;Chèque;Validé;BGFI LRC;;BAMBA RASSOUL;;RETRAIT CH 8878729 MBAYE EL H
;11/01/2024;LE ROI DES CHANTIERS;AS PRO CONNECT;3.799.343,00;Chèque;Validé;BGFI LRC;;AS PRO CONNECT;;RETRAIT CH 8878731 ASSOUMOU E
;11/01/2024;LE ROI DES CHANTIERS;L'HABITAT;2.554.160,00;Chèque;Validé;BGFI LRC;;L'HABITAT;;CHEQUE NO  8878728
;15/01/2024;LE ROI DES CHANTIERS;SOCIETE GLOBE TROTTER;2.610.050,00;Chèque;Validé;BGFI LRC;;SOCIETE GLOBE TROTTER;;CHEQUE NO  8878726
;16/01/2024;LE ROI DES CHANTIERS;AUTO DESIGN BARAKA;80.000.000,00;Chèque;Validé;BGFI LRC;;AUTO DESIGN BARAKA;;CHEQUE NO  8878733
;16/01/2024;LE ROI DES CHANTIERS;KIMIA SERVICES SUARL;5.741.110,00;Chèque;Validé;BGFI LRC;;KIMIA SERVICES SUARL;;CHEQUE NO  8878732
;18/01/2024;LE ROI DES CHANTIERS;BRICORAMA;32.500.000,00;Virement;Validé;AFG LRC;;BRICORAMA;;TRANSFERT    COMPTE   A  COMPTE   0/  LE ROIDES  CHANTIERS    F/  BRICORAMA     - O/LE  ROI DES  CHANTIERS F/BRICORAMA/RGLMT       FACTURE         01 LE  ROI  DES  CHANTIERSF/     BRICORAMA O/LE  ROI  DES  CHANTIERS F/BRICORAMA/RGLMT       FACTURE
;19/01/2024;LE ROI DES CHANTIERS;BATIPLUS;34.815.000,00;Virement;Validé;BGFI LRC;;BATIPLUS;;VIR.EMIS  BATI PLUS
;22/01/2024;LE ROI DES CHANTIERS;CFAO Comptoir Francais De L'Afrique Occidentale;33.333.333,00;Traite;Validé;AFG LRC;;CFAO Comptoir Francais De L'Afrique Occidentale;;EFFETS   A L'ENCAISSEMENT- REGLEMENT
;22/01/2024;LE ROI DES CHANTIERS;IDEES 2000;13.627.637,00;Chèque;Validé;AFG LRC;;IDEES 2000;;REMISE   DE  CHEQUE    INTRA   Num  cheq: 0000151
;24/01/2024;LE ROI DES CHANTIERS;MY CHIC HOME;7.090.200,00;Chèque;Validé;BGFI LRC;;MY CHIC HOME;;RETRAIT CH 8878739 MME ABEGHE
;24/01/2024;LE ROI DES CHANTIERS;AUTO DESIGN BARAKA;78.000.000,00;Virement;Validé;AFG LRC;;AUTO DESIGN BARAKA;;VIREMENT    EMIS     0/  LE  ROI DES CHANTIERS    F/  AUTO  DISIGN   BARAKA FACTURE    ACQUISITION
;30/01/2024;LE ROI DES CHANTIERS;DIESEL GABON SA;10.419.432,00;Chèque;Validé;AFG LRC;;DIESEL GABON SA;;REMISE   DE  CHEQUE    INTRA   Num  cheq: 0000154
;30/01/2024;LE ROI DES CHANTIERS;CFAO Comptoir Francais De L'Afrique Occidentale;5.978.560,00;Virement;Validé;AFG LRC;;CFAO Comptoir Francais De L'Afrique Occidentale;;TRANSFERT     COMPTE    A COMPTE   0/ LE ROIDES  CHANTIERS    F/  COMPAGNIE FRANÇAISE    DE  L’AFRIQUE    OC  - O/LE ROI DES  CHANTIERS    F/CFAO   MOTORS GABON/RGLMT     FACTURE         0/ LE  ROI DES  CHANTIERSF/     COMPAGNIE FRANÇAISE    DE  L’AFRIQUE    OC:  O/LE ROI  DES  CHANTIERS    F/CFAO   MOTORS GABON/RGLMT     FACTURE
;05/02/2024;LE ROI DES CHANTIERS;BAHGAGNI LUXURY ELECTRO;19.950.000,00;Chèque;Validé;AFG LRC;;BAHGAGNI LUXURY ELECTRO;;RETRAIT   D'ESPECES    PAR  CHEQUE    - Chèque   Num:  0000003
;05/02/2024;LE ROI DES CHANTIERS;AXA ASSURANCES GABON;33.617.251,00;Virement;Validé;AFG LRC;;AXA ASSURANCES GABON;;TRANSFERT    COMPTE    A COMPTE   0/  LE ROI  DES  CHANTIERS    F/  SOCIETE   AXA ASSURANCES     GABON   - O/LE  ROI  DES CHANTIERS     F/AXA   GABON/RGLMT FACTURE    ASSURANCE          01 LE  ROI DESCHANTIERSF/     SOCIETE   AXA ASSURANCES     GABON:   O/LE  ROI  DES CHANTIERS    F/AXA  GABON/RGLMT FACTURE    ASSURANCE
;13/02/2024;LE ROI DES CHANTIERS;BRICORAMA;5.950.000,00;Chèque;Validé;BGFI LRC;;BRICORAMA;;CHEQUE NO  8878744
;13/02/2024;LE ROI DES CHANTIERS;SOGEM TP;5.212.200,00;Chèque;Validé;BGFI LRC;;SOGEM TP;;CHEQUE NO  8878745
;08/03/2024;LE ROI DES CHANTIERS;AXA ASSURANCES GABON;8.123.530,00;Chèque;Validé;AFG LRC;;AXA ASSURANCES GABON;;REMISE   DE  CHEQUE   INTRA   Num  cheq: 0000155
;08/03/2024;LE ROI DES CHANTIERS;DK ENERGIES;1.447.421,00;Chèque;Validé;AFG LRC;;DK ENERGIES;;CHEQUE   REÇUS    Num  cheq:  0000156
;11/03/2024;LE ROI DES CHANTIERS;GABON TECH;1.611.675,00;Chèque;Validé;AFG LRC;;GABON TECH;;CHEQUE   REÇUS    Num  cheq:  0000021
;14/03/2024;LE ROI DES CHANTIERS;TRACTAFRIC EQUIPMENT GABON;6.154.047,00;Chèque;Validé;BGFI LRC;;TRACTAFRIC EQUIPMENT GABON;;CHEQUE NO  8878749
;14/03/2024;LE ROI DES CHANTIERS;CFAO Comptoir Francais De L'Afrique Occidentale;1.087.552,00;Chèque;Validé;AFG LRC;;CFAO Comptoir Francais De L'Afrique Occidentale;;CHEQUE   REÇUS    Num  cheq   0000157
;18/03/2024;LE ROI DES CHANTIERS;CIMAF;15.600.000,00;Virement;Validé;AFG LRC;;CIMAF;;VIREMENT    EMIS     0/  LE  ROI  DES CHANTIERS    F/ CIMAF  REGLEMENT FACTURE
;18/03/2024;LE ROI DES CHANTIERS;MBOLO SAMBA;3.523.500,00;Chèque;Validé;AFG LRC;;MBOLO SAMBA;;RETRAIT   D’ESPECES    PAR CHEQUE    - Chèque   Num:  0000050
;19/03/2024;LE ROI DES CHANTIERS;GABON TECH;5.115.398,00;Chèque;Validé;AFG LRC;;GABON TECH;;CHEQUE   REÇUS    Num  cheq:  0000161
;19/03/2024;LE ROI DES CHANTIERS;SSPG;5.289.850,00;Chèque;Validé;AFG LRC;;SSPG;;CHEQUE   REÇUS    Num  cheq:  0000159
;20/03/2024;LE ROI DES CHANTIERS;EASYTECH AFRICA;6.954.016,00;Chèque;Validé;AFG LRC;;EASYTECH AFRICA;;REMISE   DE  CHEQUE   INTRA    Num  cheq: 0000160
;21/03/2024;LE ROI DES CHANTIERS;CFAO Comptoir Francais De L'Afrique Occidentale;114.000.000,00;Virement;Validé;AFG LRC;;CFAO Comptoir Francais De L'Afrique Occidentale;;TRANSFERT COMPTE   A COMPTE   0/  LE ROI DES  CHANTIERS    F/ COMPAGNIE FRANÇAISE    DE  L'AFRIQUE    OC  - O/LE ROI DES  CHANTIERS    F/CFAO   MOTORS GABON/RGLMT      FACTURE      0/  LE  ROI DES CHANTIERSF/ COMPAGNIE FRANÇAISE     DE  L'AFRIQUE    OC:  O/LE ROI  DES  CHANTIERS    F/CFAO MOTORS GABON/RGLMT     FACTURE
;21/03/2024;LE ROI DES CHANTIERS;EYS LEADERS COM;3.000.000,00;Chèque;Validé;AFG LRC;;EYS LEADERS COM;;RETRAIT   D'ESPECES    PAR CHEQUE     - Chèque  Num:  0000052
;22/03/2024;LE ROI DES CHANTIERS;AUTO DESIGN BARAKA;70.000.000,00;Chèque;Validé;BGFI LRC;;AUTO DESIGN BARAKA;;RETRAIT CH 8878755 HUMBERT  S
;22/03/2024;LE ROI DES CHANTIERS;EBTP, Entreprise Bâtiment et Travaux Publics;20.900.000,00;Chèque;Validé;AFG LRC;;EBTP, Entreprise Bâtiment et Travaux Publics;;CHEQUE   REÇUS    Num  cheq:  0000175
;22/03/2024;LE ROI DES CHANTIERS;FREEDOM SERVICES;1.500.000,00;Chèque;Validé;AFG LRC;;FREEDOM SERVICES;;CHEQUE    REÇUS    Num  cheq:  0000163
;22/03/2024;LE ROI DES CHANTIERS;BERNABE GABON SA;38.080.000,00;Virement;Validé;AFG LRC;;BERNABE GABON SA;;TRANSFERT    COMPTE   A COMPTE   0/  LE ROI  DES  CHANTIERS    F/  SOCIETE BERNABE    GABON   - O/LE  ROI  DES CHANTIERS    F/BERNABE GABON/RGLMT     FOURNISSEURS           0/ LE  ROI  DES  CHANTIERSF/     SOCIETE BERNABE   GABON:   O/LE  ROI  DES CHANTIERS    F/BERNABE GABON/RGLMT     FOURNISSEURS
;25/03/2024;LE ROI DES CHANTIERS;CFAO Comptoir Francais De L'Afrique Occidentale;33.333.333,00;Traite;Validé;AFG LRC;;CFAO Comptoir Francais De L'Afrique Occidentale;;EFFETS   A  L'ENCAISSEMENT- REGLEMENT
;25/03/2024;LE ROI DES CHANTIERS;EXPRESS PNEUS;2.680.000,00;Chèque;Validé;AFG LRC;;EXPRESS PNEUS;;RETRAIT   D’ESPECES    PAR  CHEQUE    - Chèque   Num:  0000065
;25/03/2024;LE ROI DES CHANTIERS;CFAO Comptoir Francais De L'Afrique Occidentale;33.333.333,00;Traite;Validé;AFG LRC;;CFAO Comptoir Francais De L'Afrique Occidentale;;VIREMENT    RGLT  EFFET   CFAO MOTORS   ECH/20/02/24
;25/03/2024;LE ROI DES CHANTIERS;GABON TECH;2.531.750,00;Chèque;Validé;AFG LRC;;GABON TECH;;CHEQUE   REÇUS    Num  cheq:  0000176
;25/03/2024;LE ROI DES CHANTIERS;MBOLO SAMBA;1.296.750,00;Chèque;Validé;AFG LRC;;MBOLO SAMBA;;CHEQUE   REÇUS    Num  cheq:  0000177
;25/03/2024;LE ROI DES CHANTIERS;AUTO DESIGN BARAKA;70.000.000,00;Chèque;Validé;AFG LRC;;AUTO DESIGN BARAKA;;CHEQUE   REÇUS    Num  cheq   0000066
;26/03/2024;LE ROI DES CHANTIERS;GENERAL DE PRESTATIONS TRANSIT;28.891.661,00;Chèque;Validé;AFG LRC;;GENERAL DE PRESTATIONS TRANSIT;;RETRAIT    D'ESPECES    PAR  CHEQUE    - Chèque   Num:  0000067
;26/03/2024;LE ROI DES CHANTIERS;AUTO DESIGN BARAKA;50.000.000,00;Chèque;Validé;AFG LRC;;AUTO DESIGN BARAKA;;CHEQUE   REÇUS    Num  cheq   0000076
;26/03/2024;LE ROI DES CHANTIERS;AUTO DESIGN BARAKA;50.000.000,00;Chèque;Validé;AFG LRC;;AUTO DESIGN BARAKA;;CHEQUE   REÇUS    Num  cheq:  0000077
;27/03/2024;LE ROI DES CHANTIERS;SOCIETE GLOBE TROTTER;11.769.250,00;Chèque;Validé;BGFI LRC;;SOCIETE GLOBE TROTTER;;CHEQUE NO  8878757
;02/04/2024;LE ROI DES CHANTIERS;AUDI AFRICA ARCHI;30.000.000,00;Chèque;Validé;AFG LRC;;AUDI AFRICA ARCHI;;RETRAIT   D'ESPECES    PAR  CHEQUE    - Chèque   Num:  0000084
;02/04/2024;LE ROI DES CHANTIERS;MYEL BTP;50.000.000,00;Chèque;Validé;AFG LRC;;MYEL BTP;;RETRAIT   D'ESPECES    PAR  CHEQUE    - Chèque   Num:  0000083
;02/04/2024;LE ROI DES CHANTIERS;CREDIT BAIL AFG;84.027.780,00;Opération bancaire;Validé;AFG LRC;;CREDIT BAIL AFG;;VIREMENT    PRELEVEMENT     1ER LOYER/DOSS    .2024030002
;02/04/2024;LE ROI DES CHANTIERS;CREDIT BAIL AFG;31.223.779,00;Opération bancaire;Validé;AFG LRC;;CREDIT BAIL AFG;;VIREMENT    PRELEVEMENT      1ER LOYER/DOSS.    2024030002
;02/04/2024;LE ROI DES CHANTIERS;AUTO DESIGN BARAKA;33.000.000,00;Chèque;Validé;AFG LRC;;AUTO DESIGN BARAKA;;RETRAIT   D’ESPECES    PAR CHEQUE    - Chèque   Num:  0000085
;03/04/2024;LE ROI DES CHANTIERS;CETGS;5.000.000,00;Chèque;Validé;BGFI LRC;;CETGS;;CHEQUE NO  8878763
;03/04/2024;LE ROI DES CHANTIERS;GRAFRIQUE;237.900,00;Chèque;Validé;BGFI LRC;;GRAFRIQUE;;CHEQUE NO  8878758
;03/04/2024;LE ROI DES CHANTIERS;GRAFRIQUE;689.500,00;Chèque;Validé;BGFI LRC;;GRAFRIQUE;;CHEQUE NO  8878764
;03/04/2024;LE ROI DES CHANTIERS;BATIPLUS;1.595.655,00;Chèque;Validé;BGFI LRC;;BATIPLUS;;CHEQUE NO  8878760
;03/04/2024;LE ROI DES CHANTIERS;TRACTAFRIC EQUIPMENT GABON;400.000.000,00;Virement;Validé;AFG LRC;;TRACTAFRIC EQUIPMENT GABON;;TRANSFERT    COMPTE   A COMPTE   0/  LE ROI  DES  CHANTIERS    FZTRACTAFRIC EQUIPMENT    GABON- O/LE  ROI DES CHANTIERS    F/TRACTAFRIC/RGLMT FACTURE     0/ LE  ROI DES CHANTIERSF/     TRACTAFRIC EQUIPMENT    GABON:   O/LE  ROI  DES CHANTIERS    F/TRACTAFRIC/RGLMT FACTURE
;03/04/2024;LE ROI DES CHANTIERS;MAUVILAC INDUSTRIES AFRICA GABON;55.890.669,00;Virement;Validé;AFG LRC;;MAUVILAC INDUSTRIES AFRICA GABON;;TRANSFERT  COMPTE   A COMPTE   0/ LE ROI DES  CHANTIERS    F/  PPG  GABON   - RGT FACTUREO/LE  ROI DES CHANTIERS    FAVEUR   MIA  GABON      0/ LE  ROI  DES  CHANTIERSFZ  PPG GABON: RGT FACTURE   O/LE  ROI DES CHANTIERS    FAVEUR MIA  GABON
;05/04/2024;LE ROI DES CHANTIERS;BATIPLUS;91.225.901,00;Virement;Validé;AFG LRC;;BATIPLUS;;TRANSFERT COMPTE A COMPTE 0/  LE ROI DES CHANTIERS F/ BATI PLUS - O/LE ROI DES CHANTIERS F/BATI PLUS/RGLMT FACTURE     0/ LE ROI DES CHANTIERSF/ BATI  PLUS: O/LE ROI DES CHANTIERS F/BATI PLUS/RGLMT FACTURE
;11/04/2024;LE ROI DES CHANTIERS;FEREIRA GABON;141.000.000,00;Virement;Validé;BGFI LRC;;FEREIRA GABON;;VIR.MULT. REGLEMENT FOURNISSEU
;11/04/2024;LE ROI DES CHANTIERS;BRIQUETERIE AZIPOH;5.600.000,00;Virement;Validé;BGFI LRC;;BRIQUETERIE AZIPOH;;VIR.MULT. REGLEMENT FOURNISSEU
;19/04/2024;LE ROI DES CHANTIERS;LEONIE;5.929.000,00;Chèque;Validé;BGFI LRC;;LEONIE;;RETRAIT CH 8878676
;22/04/2024;LE ROI DES CHANTIERS;INDASSY BLANDINE;800.000,00;Chèque;Validé;AFG LRC;;INDASSY BLANDINE;;RETRAIT   D'ESPECES    PAR CHEQUE    - Chèque   Num:  0000262
;22/04/2024;LE ROI DES CHANTIERS;SOLUGEO;3.671.375,00;Chèque;Validé;AFG LRC;;SOLUGEO;;CHEQUE   REÇUS    Num  cheq:0000188
;25/04/2024;LE ROI DES CHANTIERS;EBTP, Entreprise Bâtiment et Travaux Publics;10.000.000,00;Chèque;Validé;BGFI LRC;;EBTP, Entreprise Bâtiment et Travaux Publics;;CHEQUE NO  8878768
;25/04/2024;LE ROI DES CHANTIERS;EBTP, Entreprise Bâtiment et Travaux Publics;15.000.000,00;Chèque;Validé;AFG LRC;;EBTP, Entreprise Bâtiment et Travaux Publics;;CHEQUE   REÇUS    Num  cheq:  0000189
;26/04/2024;LE ROI DES CHANTIERS;AFRICAMAT;6.059.718,00;Chèque;Validé;BGFI LRC;;AFRICAMAT;;CHEQUE NO  8878770
;29/04/2024;LE ROI DES CHANTIERS;NFOUMOU ALLOGO M ASS BRIQUETERIE MODERNE;4.400.000,00;Chèque;Validé;BGFI LRC;;NFOUMOU ALLOGO M ASS BRIQUETERIE MODERNE;;RETRAIT CH 8878771
;29/04/2024;LE ROI DES CHANTIERS;BERNABE GABON SA;3.136.000,00;Chèque;Validé;AFG LRC;;BERNABE GABON SA;;REMISE   DE  CHEQUE   INTRA  Num  cheq: 0000190
;30/04/2024;LE ROI DES CHANTIERS;MYEL BTP;50.000.000,00;Chèque;Validé;AFG LRC;;MYEL BTP;;VIREMENT     PAIEMENT    CH  0000257
;30/04/2024;LE ROI DES CHANTIERS;CIMAF;32.400.000,00;Virement;Validé;AFG LRC;;CIMAF;;VIREMENT    EMIS     O/  LE  ROI  DES CHANTIERS    F/  CIMAF  REGLEMENT FACTURE
;02/05/2024;LE ROI DES CHANTIERS;CREDIT BAIL AFG;14.080.782,00;Opération bancaire;Validé;AFG LRC;;CREDIT BAIL AFG;;VIREMENT     ENCAISSEMENT     LOYER   CB
;02/05/2024;LE ROI DES CHANTIERS;CREDIT BAIL AFG;63.795.630,00;Opération bancaire;Validé;AFG LRC;;CREDIT BAIL AFG;;VIREMENT    ENCAISSEMENT     LOYER   CB
;08/05/2024;LE ROI DES CHANTIERS;ENCOLO BTP;20.413.650,00;Virement;Validé;BGFI LRC;;ENCOLO BTP;;VIR.MULT. RGLT PRESTATAIRES
;08/05/2024;LE ROI DES CHANTIERS;AUTHENTIC;23.425.500,00;Virement;Validé;BGFI LRC;;AUTHENTIC;;VIR.MULT. RGLT PRESTATAIRES
;08/05/2024;LE ROI DES CHANTIERS;BATIPLUS;100.000.000,00;Virement;Validé;AFG LRC;;BATIPLUS;;TRANSFERT COMPTE A COMPTE 0/  LE ROIDES CHANTIERS F/ BATI PLUS - O/LE ROI DES CHANTIERS  F/BATI- PLUS : REGLEMENT  FACTURE      0/  LE ROI DES CHANTIERSF/ BATI PLUS: O/LE ROI DES CHANTIERS  F/BATI-PLUS : REGLEMENT  FACTURE
;08/05/2024;LE ROI DES CHANTIERS;CEG BTP;96.663.441,00;Virement;Validé;AFG LRC;;CEG BTP;;VIREMENT LB  -  0/  LE ROI DES CHANTIERS F/ CE G BTP GABON  - LB000011738 VRTS PRESTATAIRES O/LE ROI DES CHANTIERS
;10/05/2024;LE ROI DES CHANTIERS;OMED VOYAGES;4.516.300,00;Chèque;Validé;AFG LRC;;OMED VOYAGES;;VIREMENT  PAIEMENT CH 0000194
;16/05/2024;LE ROI DES CHANTIERS;SOLUGEO;4.000.000,00;Chèque;Validé;BGFI LRC;;SOLUGEO;;RETRAIT CH 8878678
;17/05/2024;LE ROI DES CHANTIERS;SOGEM TP;200.000.000,00;Virement;Validé;AFG LRC;;SOGEM TP;;TRANSFERT     COMPTE   A  COMPTE   01 LE ROI  DES  CHANTIERS    F/  SOGEM   TP  - RGT  FACT      0/  LE  ROI DES CHANTIERSF/     SOGEM   TP  RGT  FACT
;17/05/2024;LE ROI DES CHANTIERS;SOGEM TP;13.923.000,00;Virement;Validé;AFG LRC;;SOGEM TP;;TRANSFERT    COMPTE   A  COMPTE   0/  LE ROIDES  CHANTIERS    F/  SOGEM   TP  - O/LE  ROI  DES  CHANTIERS     F/SOGEM TP  : REGLEMENT    FACTURES          0/ LE ROI  DES  CHANTIERSF/     SOGEM   TP: O/LE  ROI  DES  CHANTIERS     F/SOGEM TP    REGLEMENT    FACTURES
;21/05/2024;LE ROI DES CHANTIERS;CFAO Comptoir Francais De L'Afrique Occidentale;33.333.333,00;Traite;Validé;AFG LRC;;CFAO Comptoir Francais De L'Afrique Occidentale;;EFFETS    A L'ENCAISSEMENT- REGLEMENT
;21/05/2024;LE ROI DES CHANTIERS;BRICORAMA;7.522.000,00;Virement;Validé;AFG LRC;;BRICORAMA;;TRANSFERT     COMPTE    A COMPTE   0/  LE ROI DES  CHANTIERS    F/  BRICORAMA     - VRT  O/LE  ROI  DES  CHANTIERS FAVEUR   BRICORAMA     /RGT  FACT        0/ LE  ROI  DES  CHANTIERSF/     BRICORAMA: VRT  O/LE  ROI  DES  CHANTIERS FAVEUR   BRICORAMA     /RGT  FACT
;22/05/2024;LE ROI DES CHANTIERS;Nonni Phone;8.111.000,00;Chèque;Validé;AFG LRC;;Nonni Phone;;RETRAIT   D'ESPECES    PAR  CHEQUE    - Chèque   Num:  0000268
;24/05/2024;LE ROI DES CHANTIERS;GRAFRIQUE;1.084.275,00;Chèque;Validé;AFG LRC;;GRAFRIQUE;;CHEQUE   REÇUS    Num  cheq:  0000110
;27/05/2024;LE ROI DES CHANTIERS;CFAO Comptoir Francais De L'Afrique Occidentale;33.333.333,00;Traite;Validé;AFG LRC;;CFAO Comptoir Francais De L'Afrique Occidentale;;EFFETS   A L'ENCAISSEMENT- REGLEMENT
;27/05/2024;LE ROI DES CHANTIERS;Nonni Phone;2.630.000,00;Chèque;Validé;AFG LRC;;Nonni Phone;;RETRAIT D'ESPECES PAR CHEQUE  - Chèque Num: 0000275
;27/05/2024;LE ROI DES CHANTIERS;OMED VOYAGES;2.436.000,00;Chèque;Validé;AFG LRC;;OMED VOYAGES;;CHEQUE REÇUS  Num cheq: 0000270
;28/05/2024;LE ROI DES CHANTIERS;MEV HEBERGEMENT;1.610.000,00;Chèque;Validé;AFG LRC;;MEV HEBERGEMENT;;CHEQUE REÇUS  Num cheq: 0000111
;30/05/2024;LE ROI DES CHANTIERS;PARK INN & RADISSON BLU;9.180.000,00;Chèque;Validé;AFG LRC;;PARK INN & RADISSON BLU;;VIREMENT  PAIEMENT CH0000109
;31/05/2024;LE ROI DES CHANTIERS;OB TRANSPORT;5.000.000,00;Chèque;Validé;AFG LRC;;OB TRANSPORT;;RETRAIT D'ESPECES PAR CHEQUE  - Chèque Num: 0000278
;05/06/2024;LE ROI DES CHANTIERS;CREDIT BAIL AFG;19.889.000,00;Opération bancaire;Validé;AFG LRC;;CREDIT BAIL AFG;;VIREMENT  PRELEVEMENT PARTIEL SUR LOYERS IMPAYES CREDIT-BAIL
;14/06/2024;LE ROI DES CHANTIERS;CEG BTP;55.111.038,00;Virement;Validé;AFG LRC;;CEG BTP;;VIREMENT      0/  LE  ROIDES  CHANTIERS Fl  C.E.G  BTP GABON
;14/06/2024;LE ROI DES CHANTIERS;GABON TELECOM;8.872.348,00;Virement;Validé;AFG LRC;;GABON TELECOM;;VIREMENT   LB   -  0/  LE  ROI  DES CHANTIERS    F/ GABON   TELECOM/MOOV AFRICA  -LB000012953     PAIEMENT F/SSEURS     A PAYER 11 JUIN  2024  O/LE ROIS  DES  CHANTIERS    F/DIVERS
;17/06/2024;LE ROI DES CHANTIERS;CREDIT BAIL AFG;61.076.565,00;Opération bancaire;Validé;AFG LRC;;CREDIT BAIL AFG;;VIREMENT  REGULARISATION LOYERS IMPAYES
;19/06/2024;LE ROI DES CHANTIERS;EBTP, Entreprise Bâtiment et Travaux Publics;30.000.000,00;Chèque;Validé;ORABANK LRC;;EBTP, Entreprise Bâtiment et Travaux Publics;;5120777 Ret cheq N° 5120777 du 19/06/2024 MR MBA BERTRAND
;19/06/2024;LE ROI DES CHANTIERS;SOCIETE MAISSA ARCHITECTURES;200.000.000,00;Virement;Validé;AFG LRC;;SOCIETE MAISSA ARCHITECTURES;;VIREMENT LB  -  O/ LE ROI DES CHANTIERS MULTIPLE
;19/06/2024;LE ROI DES CHANTIERS;EECSG;10.000.000,00;Virement;Validé;AFG LRC;;EECSG;;VIREMENT LB  -  O/ LE ROI DES CHANTIERS MULTIPLE
;19/06/2024;LE ROI DES CHANTIERS;PYRAMID ENGINEERING;13.003.331,00;Virement;Validé;AFG LRC;;PYRAMID ENGINEERING;;VIREMENT LB  -  O/ LE ROI DES CHANTIERS MULTIPLE
;19/06/2024;LE ROI DES CHANTIERS;COBEN GABON;4.913.750,00;Virement;Validé;AFG LRC;;COBEN GABON;;VIREMENT LB  -  O/ LE ROI DES CHANTIERS MULTIPLE
;19/06/2024;LE ROI DES CHANTIERS;TSAKO SARL;37.537.500,00;Virement;Validé;AFG LRC;;TSAKO SARL;;VIREMENT LB  -  O/ LE ROI DES CHANTIERS MULTIPLE
;19/06/2024;LE ROI DES CHANTIERS;SOGEM TP;90.000.000,00;Virement;Validé;AFG LRC;;SOGEM TP;;TRANSFERT COMPTE A COMPTE 0/  LE ROI DES CHANTIERS Fl SOGEM TP - RGT FACT      O/ LE ROIDES CHANTIERSF/ SOGEM TP: RGT FACT
;28/06/2024;LE ROI DES CHANTIERS;CREDIT BAIL AFG;14.080.782,00;Opération bancaire;Validé;AFG LRC;;CREDIT BAIL AFG;;VIREMENT ENCAISSEMENT LOYER CB
;05/07/2024;LE ROI DES CHANTIERS;INOVARE;28.238.663,00;Virement;Validé;ORABANK LRC;;INOVARE;;VIREMENT MULTI NC CPT DEBIT Motif RGT FOURNISSEUR JUIN 24
;05/07/2024;LE ROI DES CHANTIERS;PIECES EQUIP'AUTO SA;9.543.634,00;Virement;Validé;ORABANK LRC;;PIECES EQUIP'AUTO SA;;
;05/07/2024;LE ROI DES CHANTIERS;SMYLE BY E&M;5.850.000,00;Virement;Validé;ORABANK LRC;;SMYLE BY E&M;;
;08/07/2024;LE ROI DES CHANTIERS;CFAO Comptoir Francais De L'Afrique Occidentale;33.333.335,00;Traite;Validé;AFG LRC;;CFAO Comptoir Francais De L'Afrique Occidentale;;EFFETS A L'ENCAISSEMENT- REGLEMENT
;12/07/2024;LE ROI DES CHANTIERS;CREDIT BAIL AFG;25.480.819,00;Opération bancaire;Validé;AFG LRC;;CREDIT BAIL AFG;;VIREMENT REGULARISATION DUR  DIVERS LOYERS IMPAYES MAI & JUIN  2024 PENALITE DE RETARD FCFA 366  391
;12/07/2024;LE ROI DES CHANTIERS;CREDIT BAIL AFG;219.956.783,00;Opération bancaire;Validé;AFG LRC;;CREDIT BAIL AFG;;VIREMENT REGULARISATION DUR  DIVERS LOYERS IMPAYES MAI & JUIN  2024 PENALITE DE RETARD FCFA 2  843 885
;12/07/2024;LE ROI DES CHANTIERS;CREDIT BAIL AFG;24.405.947,00;Opération bancaire;Validé;AFG LRC;;CREDIT BAIL AFG;;VIREMENT REGULARISATION SUR   LOYER IMPAYE  DU 30/06/2024  PENALITE DE RETARD FCFA 86 819
;12/07/2024;LE ROI DES CHANTIERS;CREDIT BAIL AFG;50.712.143,00;Opération bancaire;Validé;AFG LRC;;CREDIT BAIL AFG;;VIREMENT REGULARISATION SUR   LOYER IMPAYE  DU 30/06/2024  PENALITE DE RETARD FCFA 180 398
;12/07/2024;LE ROI DES CHANTIERS;CREDIT BAIL AFG;64.023.376,00;Opération bancaire;Validé;AFG LRC;;CREDIT BAIL AFG;;VIREMENT REGULARISATION SUR   LOYER IMPAYE  DU 30/06/2024  PENALITE DE RETARD
;16/07/2024;LE ROI DES CHANTIERS;TOMAI VOYAGES;2.795.000,00;Chèque;Validé;AFG LRC;;TOMAI VOYAGES;;CHEQUE RECUS CHEQUE RECU  NUMERO 0000120
;18/07/2024;LE ROI DES CHANTIERS;DMH GABON;34.300.000,00;Chèque;Validé;AFG LRC;;DMH GABON;;CHEQUE RECUS CHEQUE RECU  NUMERO 0000125
;19/07/2024;LE ROI DES CHANTIERS;GABON TELECOM;4.000.000,00;Virement;Validé;BGFI LRC;;GABON TELECOM;;VIR.EMIS  GABON TELECOM
;22/07/2024;LE ROI DES CHANTIERS;SOCIETE YARA CONSTRUCTION BTP;14.570.000,00;Chèque;Validé;AFG LRC;;SOCIETE YARA CONSTRUCTION BTP;;RETRAIT D'ESPECES PAR CHEQUE  -- Cheque Num: 0000297
;22/07/2024;LE ROI DES CHANTIERS;EBTP, Entreprise Bâtiment et Travaux Publics;50.000.000,00;Chèque;Validé;AFG LRC;;EBTP, Entreprise Bâtiment et Travaux Publics;;CHEQUE RECUS CHEQUE RECU  NUMERO 0000127
;22/07/2024;LE ROI DES CHANTIERS;CIMAF;16.200.000,00;Virement;Validé;AFG LRC;;CIMAF;;VIREMENT EMIS    O/ LE ROI DES  CHANTIERS F/ CIMAF O/LE ROI DES  CHANTIERS F/CIMAF/RGLMT  FACTURE
;22/07/2024;LE ROI DES CHANTIERS;PYRAMID ENGINEERING;13.003.331,00;Virement;Validé;AFG LRC;;PYRAMID ENGINEERING;;VIREMENT EMIS    O/ LE ROI DES  CHANTIERS F/ PYRAMID  ENGINEERING O/LE ROI DES  CHANTIERS F/PYRAMID  ENGINEERING/RGLMT FACTURE
;22/07/2024;LE ROI DES CHANTIERS;SOGEM TP;27.846.000,00;Virement;Validé;AFG LRC;;SOGEM TP;;TRANSFERT COMPTE A COMPTE O/  LE ROI DES CHANTIERS F/ SOGEM TP  - O/LE ROI DES CHANTIERS F/SOGEM  TP/RGLMT FACTURE      O/ LE ROI DES CHANTIERSF/ SOGEM TP: O/LE ROI  DES CHANTIERS F/SOGEM TP/RGLMT  FACTURE
;24/07/2024;LE ROI DES CHANTIERS;Nonni Phone;1.440.000,00;Chèque;Validé;AFG LRC;;Nonni Phone;;RETRAIT D'ESPECES PAR CHEQUE  -- Cheque Num: 0000300
;24/07/2024;LE ROI DES CHANTIERS;BUREAU METHODIQUE DE CONSTRUCTION;250.000.000,00;Virement;Validé;AFG LRC;;BUREAU METHODIQUE DE CONSTRUCTION;;TRANSFERT COMPTE A COMPTE O/  LE ROI DES CHANTIERS F/ BUREAU  METHODIQUE DE CONSTRUCTION D -  RGT FACT      O/ LE ROI DES  CHANTIERSF/ BUREAU METHODIQUE  DE CONSTRUCTION D: RGT FACT
;25/07/2024;LE ROI DES CHANTIERS;TRACTAFRIC EQUIPMENT GABON;35.845.556,00;Traite;Validé;AFG LRC;;TRACTAFRIC EQUIPMENT GABON;;EFFETS A L'ENCAISSEMENT- REGLEMENT
;25/07/2024;LE ROI DES CHANTIERS;AUTO DESIGN BARAKA;50.000.000,00;Chèque;Validé;AFG LRC;;AUTO DESIGN BARAKA;;RETRAIT D'ESPECES PAR CHEQUE  -- Cheque Num: 0000287
;26/07/2024;LE ROI DES CHANTIERS;TRACTAFRIC EQUIPMENT GABON;35.402.344,00;Virement;Validé;BGFI LRC;;TRACTAFRIC EQUIPMENT GABON;;VIR.EMIS  TRACTAFRIC
;26/07/2024;LE ROI DES CHANTIERS;AFRICO FINANCE AND ADVISORY;20.000.000,00;Chèque;Validé;BGFI LRC;;AFRICO FINANCE AND ADVISORY;;CHEQUE NO  8878690
;26/07/2024;LE ROI DES CHANTIERS;OMED VOYAGES;2.875.500,00;Chèque;Validé;BGFI LRC;;OMED VOYAGES;;CHEQUE NO  8878692
;26/07/2024;LE ROI DES CHANTIERS;GABON TELECOM;4.079.556,00;Chèque;Validé;BGFI LRC;;GABON TELECOM;;CHEQUE NO  8878691
;30/07/2024;LE ROI DES CHANTIERS;INOVARE;1.389.500,00;Chèque;Validé;BGFI LRC;;INOVARE;;CHEQUE NO  8878693
;02/08/2024;LE ROI DES CHANTIERS;AXA ASSURANCES GABON;3.815.907,00;Chèque;Validé;BGFI LRC;;AXA ASSURANCES GABON;;CHEQUE NO  8878695
;02/08/2024;LE ROI DES CHANTIERS;SOGAM EQUIP;14.464.964,00;Chèque;Validé;AFG LRC;;SOGAM EQUIP;;REMISE DE CHEQUE INTRA DEBIT  CHEQUE INTERNE NUMERO 0000131
;02/08/2024;LE ROI DES CHANTIERS;TRACTAFRIC EQUIPMENT GABON;35.845.556,00;Traite;Validé;AFG LRC;;TRACTAFRIC EQUIPMENT GABON;;EFFETS A L'ENCAISSEMENT- REGLEMENT
;07/08/2024;LE ROI DES CHANTIERS;SONE COM;45.000.000,00;Virement;Validé;BGFI LRC;;SONE COM;;VIR.EMIS  SONE COM X SARL
;08/08/2024;LE ROI DES CHANTIERS;IDEES 2000;14.737.204,00;Chèque;Validé;AFG LRC;;IDEES 2000;;REMISE DE CHEQUE INTRA DEBIT  CHEQUE INTERNE NUMERO 0000138
;09/08/2024;LE ROI DES CHANTIERS;GABON TECH;2.486.160,00;Chèque;Validé;AFG LRC;;GABON TECH;;CHEQUE RECUS CHEQUE RECU  NUMERO 0000137
;13/08/2024;LE ROI DES CHANTIERS;SODIM TP;47.115.000,00;Chèque;Validé;AFG LRC;;SODIM TP;;ENCAISSEMENT DE CHEQUE NOS  CAISSES  --Cheque Num: 0000132
;20/08/2024;LE ROI DES CHANTIERS;PARK INN & RADISSON BLU;5.100.000,00;Chèque;Validé;AFG LRC;;PARK INN & RADISSON BLU;;REGULARISATION REGULARISA  ECRITURE DU 19 08 2024 CHEQUE NR  0000141 ORDRE LE ROI  DES  CHANTIERS  FAVEUR  RADISSON BLU REF 02005fx242320401
;21/08/2024;LE ROI DES CHANTIERS;LES MATERIAUX REUNIS SA;838.490,00;Chèque;Validé;AFG LRC;;LES MATERIAUX REUNIS SA;;REGULARISATION REGULARISATION  ECRITURE  DU 20 08 2024 CHEQUE NR 0000144 ORDRE LE ROI DES  CHANTIERS FAV MATERIAUX  REUNIS  . REF 02005gf242330525.
;21/08/2024;LE ROI DES CHANTIERS;PARK INN & RADISSON BLU;9.180.000,00;Chèque;Validé;AFG LRC;;PARK INN & RADISSON BLU;;REGULARISATION REGULARISATION  ECRITURE  DU 20 08 2024  CHEQUE  NR 0000140 ORDRE LE ROI DES  CHANTIER  FAV RADISSON BLU  REF  02005fx242320397
;11/09/2024;LE ROI DES CHANTIERS;TIDJ PRODUCTION;2.708.200,00;Chèque;Validé;ORABANK LRC;;TIDJ PRODUCTION;;5120735 Ret cheq N° 5120735 du 11/09/2024 MR TIDJANI ISSAKA
;13/09/2024;LE ROI DES CHANTIERS;SCI ADRIANA & KURTHYS;3.572.240,00;Chèque;Validé;ORABANK LRC;;SCI ADRIANA & KURTHYS;;5120738 Ret cheq N° 5120738 du 13/09/2024 MR FANGNOU DJOKOUA RICHARD
;13/09/2024;LE ROI DES CHANTIERS;SMYLE BY E&M;9.891.800,00;Chèque;Validé;ORABANK LRC;;SMYLE BY E&M;;5120734 Ret cheq N° 5120734 du 13/09/2024 MME DIANGA POPESCU MARYLENE
;13/09/2024;LE ROI DES CHANTIERS;ASTRAL;11.000.000,00;Virement;Validé;ORABANK LRC;;ASTRAL;;Virmt fav. EMF.BAMBOO.SA RGT FAC RDC FAV ASTRAL
;13/09/2024;LE ROI DES CHANTIERS;AURIOLE PEINTURE;5.329.325,00;Virement;Validé;ORABANK LRC;;AURIOLE PEINTURE;;AURIOLE PEINTURE Vir fav: Banque: BGFI Bank Gabon RGT FOURNISSEURS
;13/09/2024;LE ROI DES CHANTIERS;EVA CONSTRUCTION;13.657.500,00;Virement;Validé;ORABANK LRC;;EVA CONSTRUCTION;;EVA CONSTRUCTION Vir fav: Banque: BGFI Bank Gabon RGT FOURNISSEURS
;13/09/2024;LE ROI DES CHANTIERS;GEANT CONSTRUCTION;5.121.150,00;Virement;Validé;ORABANK LRC;;GEANT CONSTRUCTION;;GEANT CONSTRUCTION Vir fav: Banque: BGFI Bank Gabon RGT FOURNISSEURS
;13/09/2024;LE ROI DES CHANTIERS;NZALY & FILS btp;3.396.000,00;Virement;Validé;ORABANK LRC;;NZALY & FILS btp;;NZALY & FILS BTP Vir fav: Banque: BICIG Gabon RGT FOURNISSEURS
;13/09/2024;LE ROI DES CHANTIERS;CIMAF;24.300.000,00;Virement;Validé;ORABANK LRC;;CIMAF;;CIMAF Vir fav: Banque: UBA GABON RGT FOURNISSEURS
;20/09/2024;LE ROI DES CHANTIERS;SCI ADRIANA & KURTHYS;3.572.240,00;Chèque;Validé;ORABANK LRC;;SCI ADRIANA & KURTHYS;;5120751 Ret cheq No. 5120751 du 20/09/2024
;20/09/2024;LE ROI DES CHANTIERS;S BAC IMMO;2.640.000,00;Chèque;Validé;BGFI LRC;;S BAC IMMO;;RETRAIT CH 8878719
;23/09/2024;LE ROI DES CHANTIERS;KORUM;23.648.275,00;Chèque;Validé;BGFI LRC;;KORUM;;CHEQUE NO  8878716
;24/09/2024;LE ROI DES CHANTIERS;GRAFRIQUE;3.000.000,00;Chèque;Validé;ORABANK LRC;;GRAFRIQUE;;5120760 Ret cheq N° 5120760 du 24/09/2024 MME NKOVET OWANGA RAISSA .A
;24/09/2024;LE ROI DES CHANTIERS;IDEES 2000;6.595.290,00;Chèque;Validé;ORABANK LRC;;IDEES 2000;;5120759 Ret cheq No. 5120759 du 24/09/2024
;24/09/2024;LE ROI DES CHANTIERS;GEOTECHNIC SUARL;12.000.000,00;Virement;Validé;BGFI LRC;;GEOTECHNIC SUARL;;VIR.EMIS  GEOTECHNIC SUARL
;24/09/2024;LE ROI DES CHANTIERS;LGS;10.372.250,00;Chèque;Validé;BGFI LRC;;LGS;;CHEQUE NO  8878724
;24/09/2024;LE ROI DES CHANTIERS;GABON TECH;4.295.995,00;Chèque;Validé;BGFI LRC;;GABON TECH;;CHEQUE NO  8878725
;24/09/2024;LE ROI DES CHANTIERS;STE CODALEC SARL;3.724.975,00;Chèque;Validé;BGFI LRC;;STE CODALEC SARL;;CHEQUE NO  8878721
;24/09/2024;LE ROI DES CHANTIERS;SOGEM TP;1.927.800,00;Chèque;Validé;BGFI LRC;;SOGEM TP;;CHEQUE NO  8878626
;24/09/2024;LE ROI DES CHANTIERS;TRACTAFRIC EQUIPMENT GABON;35.845.556,00;Traite;Validé;AFG LRC;;TRACTAFRIC EQUIPMENT GABON;;VIREMENT RGLT EFFET TRACTAFRIC   ECHEANCE AU 30/08/2024
;24/09/2024;LE ROI DES CHANTIERS;OMNIUM GABON;50.000.000,00;Chèque;Validé;AFG LRC;;OMNIUM GABON;;VIREMENT PAIEMENT CH 0000362
;25/09/2024;LE ROI DES CHANTIERS;OMED VOYAGES;2.312.300,00;Chèque;Validé;BGFI LRC;;OMED VOYAGES;;CHEQUE NO  8878723
;25/09/2024;LE ROI DES CHANTIERS;COBEN GABON;4.879.594,00;Chèque;Validé;BGFI LRC;;COBEN GABON;;CHEQUE NO  8878579
;25/09/2024;LE ROI DES CHANTIERS;INOVARE;2.415.600,00;Chèque;Validé;BGFI LRC;;INOVARE;;CHEQUE NO  8878711
;25/09/2024;LE ROI DES CHANTIERS;GRAFRIQUE;3.000.000,00;Chèque;Validé;BGFI LRC;;GRAFRIQUE;;CHEQUE NO  8878722
;25/09/2024;LE ROI DES CHANTIERS;CREDIT BAIL AFG;94.105.086,00;Opération bancaire;Validé;AFG LRC;;CREDIT BAIL AFG;;VIREMENT PRELVT LOYERS IMPAYES  CB+ PENALITES DE RETARD
;26/09/2024;LE ROI DES CHANTIERS;GABON TELECOM;8.744.741,00;Chèque;Validé;BGFI LRC;;GABON TELECOM;;CHEQUE NO  8878577
;26/09/2024;LE ROI DES CHANTIERS;SMYLE BY E&M;3.640.000,00;Chèque;Validé;BGFI LRC;;SMYLE BY E&M;;CHEQUE NO  8878629
;26/09/2024;LE ROI DES CHANTIERS;TOMAI VOYAGES;474.850,00;Chèque;Validé;BGFI LRC;;TOMAI VOYAGES;;CHEQUE NO  8878627
;26/09/2024;LE ROI DES CHANTIERS;SODIM TP;1.431.143,00;Chèque;Validé;BGFI LRC;;SODIM TP;;CHEQUE NO  8878631
;30/09/2024;LE ROI DES CHANTIERS;TOYOTA GABON;34.166.699,00;Traite;Validé;AFG LRC;;TOYOTA GABON;;EFFETS A L'ENCAISSEMENT- REGLEMENT
;30/09/2024;LE ROI DES CHANTIERS;TOYOTA GABON;34.166.699,00;Traite;Validé;AFG LRC;;TOYOTA GABON;;EFFETS A L'ENCAISSEMENT- REGLEMENT
;30/09/2024;LE ROI DES CHANTIERS;TRACTAFRIC EQUIPMENT GABON;30.150.736,00;Traite;Validé;AFG LRC;;TRACTAFRIC EQUIPMENT GABON;;EFFETS A L'ENCAISSEMENT- REGLEMENT
;02/10/2024;LE ROI DES CHANTIERS;TRACTAFRIC EQUIPMENT GABON;35.845.556,00;Traite;Validé;AFG LRC;;TRACTAFRIC EQUIPMENT GABON;;EFFETS A L'ENCAISSEMENT- REGLEMENT
;03/10/2024;LE ROI DES CHANTIERS;TOMAI VOYAGES;190.600,00;Chèque;Validé;BGFI LRC;;TOMAI VOYAGES;;CHEQUE NO  8878648
;08/10/2024;LE ROI DES CHANTIERS;GABON MECA;938.205,00;Chèque;Validé;BGFI LRC;;GABON MECA;;CHEQUE NO  8878640
;08/10/2024;LE ROI DES CHANTIERS;GABON MECA;620.499,00;Chèque;Validé;BGFI LRC;;GABON MECA;;CHEQUE NO  8878639
;10/10/2024;LE ROI DES CHANTIERS;SCI ADRIANA & KURTHYS;3.072.240,00;Chèque;Validé;BGFI LRC;;SCI ADRIANA & KURTHYS;;RETRAIT CH 8878587
;10/10/2024;LE ROI DES CHANTIERS;SCI ADRIANA & KURTHYS;1.526.120,00;Chèque;Validé;BGFI LRC;;SCI ADRIANA & KURTHYS;;RETRAIT CH 8878641
;10/10/2024;LE ROI DES CHANTIERS;BATIPLUS;30.000.000,00;Virement;Validé;BGFI LRC;;BATIPLUS;;VIR.EMIS  BATI PLUS
;10/10/2024;LE ROI DES CHANTIERS;COLAS GABON;41.637.250,00;Virement;Validé;BGFI LRC;;COLAS GABON;;VIR.EMIS  COLAS GABON
;10/10/2024;LE ROI DES CHANTIERS;COTEXA SAS;44.268.000,00;Virement;Validé;BGFI LRC;;COTEXA SAS;;VIR.EMIS  COTEXA SAS
;10/10/2024;LE ROI DES CHANTIERS;GABOIL;46.200.000,00;Virement;Validé;BGFI LRC;;GABOIL;;VIR.EMIS  GAB OIL
;10/10/2024;LE ROI DES CHANTIERS;CIMAF;41.000.000,00;Virement;Validé;BGFI LRC;;CIMAF;;VIR.EMIS  CIMAF
;10/10/2024;LE ROI DES CHANTIERS;OMED VOYAGES;20.000.000,00;Virement;Validé;BGFI LRC;;OMED VOYAGES;;VIR.EMIS  OMED VOYAGES
;10/10/2024;LE ROI DES CHANTIERS;PYRAMID ENGINEERING;20.000.000,00;Virement;Validé;BGFI LRC;;PYRAMID ENGINEERING;;VIR.EMIS  PYRAMID ENGINEERING
;10/10/2024;LE ROI DES CHANTIERS;SSPG;6.828.225,00;Virement;Validé;BGFI LRC;;SSPG;;VIR.EMIS  SSPG
;11/10/2024;LE ROI DES CHANTIERS;MY CHIC HOME;11.000.000,00;Chèque;Validé;BGFI LRC;;MY CHIC HOME;;RETRAIT CH 8878601
;18/10/2024;LE ROI DES CHANTIERS;MBOLO SAMBA;5.400.000,00;Chèque;Validé;ORABANK LRC;;MBOLO SAMBA;;CHQ no. 5120770 Banque: BGFI Bank Gabon MBOLO SAMBA ELECTROMENAGERS
;24/10/2024;LE ROI DES CHANTIERS;GABON TELECOM;9.549.352,00;Chèque;Validé;ORABANK LRC;;GABON TELECOM;;CHQ no. 5120771 Banque: UBA GABON
;24/10/2024;LE ROI DES CHANTIERS;OMNIUM GABON;30.000.000,00;Virement;Validé;ORABANK LRC;;OMNIUM GABON;;Virmt fav. OMNIUM GABON AVANCE SUR FACTURE
;29/10/2024;LE ROI DES CHANTIERS;S BAC IMMO;2.910.000,00;Virement;Validé;ORABANK LRC;;S BAC IMMO;;Vir fav: S-BACO IMMO+ Banque: UBA GABON RGT FACT S-BACO IMMO+
;30/10/2024;LE ROI DES CHANTIERS;PEPE DECORS;2.816.730,00;Virement;Validé;ORABANK LRC;;PEPE DECORS;;Virmt fav. SOCIETE PEPE DECORS RGT FACT STE PEPE DECORS
;31/10/2024;LE ROI DES CHANTIERS;TRACTAFRIC EQUIPMENT GABON;30.150.736,00;Traite;Validé;AFG LRC;;TRACTAFRIC EQUIPMENT GABON;;EFFETS A L'ENCAISSEMENT- REGLEMENT
;31/10/2024;LE ROI DES CHANTIERS;TOYOTA GABON;34.166.609,00;Traite;Validé;AFG LRC;;TOYOTA GABON;;EFFETS A L'ENCAISSEMENT- REGLEMENT
;31/10/2024;LE ROI DES CHANTIERS;TRACTAFRIC EQUIPMENT GABON;35.845.556,00;Traite;Validé;AFG LRC;;TRACTAFRIC EQUIPMENT GABON;;EFFETS A L'ENCAISSEMENT- REGLEMENT
;06/11/2024;LE ROI DES CHANTIERS;OSMOSE SERVICES;700.000,00;Chèque;Validé;BGFI LRC;;OSMOSE SERVICES;;CHEQUE NO  8878603
;08/11/2024;LE ROI DES CHANTIERS;SODIM TP;79.400.000,00;Chèque;Validé;AFG LRC;;SODIM TP;;REMISE DE CHEQUE INTRA DEBIT  CHEQUE INTERNE NUMERO 0000402
;11/11/2024;LE ROI DES CHANTIERS;SODIM TP;47.115.000,00;Traite;Validé;AFG LRC;;SODIM TP;;EFFETS A L'ENCAISSEMENT- REGLEMENT
;18/11/2024;LE ROI DES CHANTIERS;CIMAF;162.000.000,00;Virement;Validé;ORABANK LRC;;CIMAF;;Virmt fav. CIMENTS DE L'AFRIQUE-GABON ( CIMAF) RGT PRESTAT° CIMAF
;18/11/2024;LE ROI DES CHANTIERS;GABOIL;46.200.000,00;Virement;Validé;ORABANK LRC;;GABOIL;;Virmt fav. GAB' OIL RGT PRESTAT° GAB'OIL
;18/11/2024;LE ROI DES CHANTIERS;BATIPLUS;100.000.000,00;Virement;Validé;ORABANK LRC;;BATIPLUS;;Virmt fav. BATI PLUS RGT PRESTATION BATI PLUS
;18/11/2024;LE ROI DES CHANTIERS;MYEL BTP;20.134.370,00;Virement;Validé;ORABANK LRC;;MYEL BTP;;Virmt fav. EMF.BAMBOO.SA RGT PRESTAT° MYEL BTP
;18/11/2024;LE ROI DES CHANTIERS;BERNABE GABON SA;50.000.000,00;Virement;Validé;ORABANK LRC;;BERNABE GABON SA;;Virmt fav. BERNABE GABON RGT PRESTAT° BERNABE GABON
;18/11/2024;LE ROI DES CHANTIERS;GROUPE GABON BUSINESS INTERNATIONAL GGBI;40.000.000,00;Virement;Validé;ORABANK LRC;;GROUPE GABON BUSINESS INTERNATIONAL GGBI;;Vir fav: GGBI Banque: ECOBANK GABON RGT PTESTAT°  GGBI
;18/11/2024;LE ROI DES CHANTIERS;CHARLYA MULTISERVICES;30.500.000,00;Virement;Validé;ORABANK LRC;;CHARLYA MULTISERVICES;;Vir fav: CHARLYA MULTISERVICES Banque: BICIG Gabon
;18/11/2024;LE ROI DES CHANTIERS;SOGEM TP;27.846.000,00;Virement;Validé;ORABANK LRC;;SOGEM TP;;Vir fav: SOGEM TP Banque: BGFI Bank Gabon RGT PRESTAT° SOGEM TP
;19/11/2024;LE ROI DES CHANTIERS;LUXURY CAR;200.000.000,00;Virement;Validé;ORABANK LRC;;LUXURY CAR;;Virmt fav. LUXURY CAR ALIMENTATION COMPTE RDC FAV LU
;19/11/2024;LE ROI DES CHANTIERS;S BAC IMMO;4.850.000,00;Chèque;Validé;AFG LRC;;S BAC IMMO;;DEBIT DIVERS REGULARISATION  ECRITURE DU 18 11 2024. CHEQUE NR 0000403 ORDRE LE ROI DES  CHANTIERS.
;20/11/2024;LE ROI DES CHANTIERS;KUA AUTO;50.000.000,00;Chèque;Validé;ORABANK LRC;;KUA AUTO;;CHQ no. 5295984 Banque: UBA GABON
;20/11/2024;LE ROI DES CHANTIERS;AUTO DESIGN BARAKA;103.000.000,00;Virement;Validé;ORABANK LRC;;AUTO DESIGN BARAKA;;AUTODESIGN BARAKA Vir fav: Banque: BGFI Bank Gabon REGLEMENT FOURNISSEUR
;21/11/2024;LE ROI DES CHANTIERS;BAMBA RASSOUL;6.600.000,00;Chèque;Validé;ORABANK LRC;;BAMBA RASSOUL;;5295993 Ret cheq N° 5295993 du 21/11/2024 MR MBAYE ELHADJI MAMADOU
;21/11/2024;LE ROI DES CHANTIERS;LEADS GLOBAL SARL;10.000.000,00;Chèque;Validé;ORABANK LRC;;LEADS GLOBAL SARL;;CHQ no. 5295988 Banque: UBA GABON
;21/11/2024;LE ROI DES CHANTIERS;SOCIETE PRESTIGE AUTO LUXE;50.000.000,00;Chèque;Validé;ORABANK LRC;;SOCIETE PRESTIGE AUTO LUXE;;Chq ORABANK No. 5295989 Benef: SOCIETE PRESTIGE SERVICE
;21/11/2024;LE ROI DES CHANTIERS;SODIM TP;70.000.000,00;Virement;Validé;ORABANK LRC;;SODIM TP;;Virmt fav. SODIMP TP RGT FAC RDC FAV SODIM TP
;22/11/2024;LE ROI DES CHANTIERS;SCI Celine;3.000.000,00;Chèque;Validé;ORABANK LRC;;SCI Celine;;CHQ no. 5295991 Banque: BGFI Bank Gabon SCI CELINE
;22/11/2024;LE ROI DES CHANTIERS;BELCO;8.100.000,00;Virement;Validé;ORABANK LRC;;BELCO;;Vir fav: BELCO Banque: BICIG Gabon RGT FACTURE N° BELCO
;22/11/2024;LE ROI DES CHANTIERS;;59.372.776,00;Virement;Validé;ORABANK LRC;;;;VIREMENT MULTI NC CPT DEBIT Motif RGT F/SEUR N×12
;25/11/2024;LE ROI DES CHANTIERS;Hôtel L'Orchidée;20.000.000,00;Chèque;Validé;ORABANK LRC;;Hôtel L'Orchidée;;Paiement chèq. ORABK No. 5296004 faveur : SOCIETE HOTELLIERE L'ORCHIDEE
;25/11/2024;LE ROI DES CHANTIERS;LNBTPG - Laboratoire National du Bâtiment et des Travaux Publics du Gabon;1.938.724,00;Chèque;Validé;ORABANK LRC;;LNBTPG - Laboratoire National du Bâtiment et des Travaux Publics du Gabon;;CHQ no. 5295994 Banque: TRESOR PUBLIC GABON LABORATOIRE DU BATIMENT ET DES
;26/11/2024;LE ROI DES CHANTIERS;SELECT;1.872.000,00;Chèque;Validé;ORABANK LRC;;SELECT;;CHQ no. 5295996 Banque: UBA GABON
;26/11/2024;LE ROI DES CHANTIERS;GIPA GABONAISE D'IMPRIMERIE ET DE PAPETERIE SA;523.000,00;Chèque;Validé;ORABANK LRC;;GIPA GABONAISE D'IMPRIMERIE ET DE PAPETERIE SA;;CHQ no. 5296001 Banque: BGFI Bank Gabon GABONAISE D IMPRIMERIE ET DE P
;26/11/2024;LE ROI DES CHANTIERS;GABONESE BEST NATURAL SOURCE;7.259.952,00;Chèque;Validé;ORABANK LRC;;GABONESE BEST NATURAL SOURCE;;CHQ no. 5296005 Banque: UBA GABON
;27/11/2024;LE ROI DES CHANTIERS;GABON TELECOM;10.294.581,00;Chèque;Validé;ORABANK LRC;;GABON TELECOM;;CHQ no. 5295997 Banque: UBA GABON
;27/11/2024;LE ROI DES CHANTIERS;GABON MECA;2.657.534,00;Chèque;Validé;ORABANK LRC;;GABON MECA;;CHQ no. 5295999 Banque: UGB GABON MECA
;28/11/2024;LE ROI DES CHANTIERS;GRATRALH;1.700.000,00;Chèque;Validé;ORABANK LRC;;GRATRALH;;5295980 Ret cheq N° 5295980 du 28/11/2024 KABORE MOUSTAPHA
;28/11/2024;LE ROI DES CHANTIERS;CFAO Comptoir Francais De L'Afrique Occidentale;3.008.082,00;Chèque;Validé;ORABANK LRC;;CFAO Comptoir Francais De L'Afrique Occidentale;;CHQ no. 5296006 Banque: CitiBank N.A. Gabon CFAO CA CFA
;29/11/2024;LE ROI DES CHANTIERS;MBOLO SAMBA;4.780.000,00;Chèque;Validé;ORABANK LRC;;MBOLO SAMBA;;CHQ no. 5295998 Banque: BGFI Bank Gabon MBOLO SAMBA ELECTROMENAGERS
;03/12/2024;LE ROI DES CHANTIERS;Maison de la Presse;1.140.975,00;Chèque;Validé;ORABANK LRC;;Maison de la Presse;;CHQ no. 5296000 Banque: BGFI Bank Gabon IPC LA MAISON DE LA PRESSE
;03/12/2024;LE ROI DES CHANTIERS;Centr'affaires;1.253.000,00;Chèque;Validé;BGFI LRC;;Centr'affaires;;CHEQUE NO  8878613
;05/12/2024;LE ROI DES CHANTIERS;S BAC IMMO;2.745.000,00;Chèque;Validé;ORABANK LRC;;S BAC IMMO;;5296012 Ret cheq N° 5296012 du 05/12/2024 MR GBESSINON JOSEPH
;05/12/2024;LE ROI DES CHANTIERS;Toilettes Express BTP;10.000.000,00;Chèque;Validé;ORABANK LRC;;Toilettes Express BTP;;5296015 Ret cheq N° 5296015 du 05/12/2024 MR AKOULOU EYELEKO CLAUDE
;09/12/2024;LE ROI DES CHANTIERS;TRACTAFRIC EQUIPMENT GABON;35.845.556,00;Traite;Validé;AFG LRC;;TRACTAFRIC EQUIPMENT GABON;;EFFETS A L'ENCAISSEMENT- REGLEMENT
;10/12/2024;LE ROI DES CHANTIERS;Centr'affaires;5.793.933,00;Chèque;Validé;ORABANK LRC;;Centr'affaires;;CHQ no. 5296020 Banque: UGB CENTR'AFFAIRES DISTRIBUTION S,
;11/12/2024;LE ROI DES CHANTIERS;SELECT;1.110.800,00;Chèque;Validé;ORABANK LRC;;SELECT;;CHQ no. 5296014 Banque: UBA GABON
;12/12/2024;LE ROI DES CHANTIERS;SAFE HOUSE SARL;1.064.500,00;Chèque;Validé;ORABANK LRC;;SAFE HOUSE SARL;;CHQ no. 5296022 Banque: UBA GABON
;16/12/2024;LE ROI DES CHANTIERS;Centr'affaires;4.280.000,00;Chèque;Validé;ORABANK LRC;;Centr'affaires;;CHQ no. 5296024 Banque: UGB CENTR'AFFAIRES DISTRIBUTION S,
;16/12/2024;LE ROI DES CHANTIERS;SUNU ASSURANCES;1.477.812,00;Chèque;Validé;ORABANK LRC;;SUNU ASSURANCES;;CHQ no. 5296028 Banque: BGFI Bank Gabon SUNU ASSURANCES IARD GABON
;16/12/2024;LE ROI DES CHANTIERS;BATIPLUS;43.337.208,00;Traite;Validé;AFG LRC;;BATIPLUS;;EFFETS A L'ENCAISSEMENT- REGLEMENT
;17/12/2024;LE ROI DES CHANTIERS;GABOIL;46.200.000,00;Chèque;Validé;ORABANK LRC;;GABOIL;;Paiement chèq. ORABK No. 5296029 faveur : GAB' OIL
;17/12/2024;LE ROI DES CHANTIERS;SELECT;1.141.300,00;Chèque;Validé;ORABANK LRC;;SELECT;;CHQ no. 5296021 Banque: UBA GABON
;17/12/2024;LE ROI DES CHANTIERS;ORCA DECO;1.068.100,00;Chèque;Validé;ORABANK LRC;;ORCA DECO;;Chq ORABANK No. 5296025 Benef: ORCA DECO GAB
;06/01/2025;LE ROI DES CHANTIERS;GROUPE GABON BUSINESS INTERNATIONAL GGBI;36.387.052,00;Virement;Validé;BGFI LRC;;GROUPE GABON BUSINESS INTERNATIONAL GGBI;;VIR.EMIS  GROUPE GABON BATIMEN
;06/01/2025;LE ROI DES CHANTIERS;EFTC - ENTREPRISE FAMILLE TEMBEKA CONSTRUCTION;94.267.925,00;Virement;Validé;BGFI LRC;;EFTC - ENTREPRISE FAMILLE TEMBEKA CONSTRUCTION;;VIREMENT MUL AUTRE BQE
;07/01/2025;LE ROI DES CHANTIERS;CABINET JURIS-CONSULT & PARTNERS;15.000.000,00;Chèque;Validé;BGFI LRC;;CABINET JURIS-CONSULT & PARTNERS;;RETRAIT CH 8878621
;07/01/2025;LE ROI DES CHANTIERS;COBEN GABON;50.000.000,00;Chèque;Validé;BGFI LRC;;COBEN GABON;;CHEQUE NO  8878669
;07/01/2025;LE ROI DES CHANTIERS;LV EQUIPEMENT SERVICE;71.710.000,00;Chèque;Validé;BGFI LRC;;LV EQUIPEMENT SERVICE;;CHEQUE NO  8878667
;08/01/2025;LE ROI DES CHANTIERS;Toilettes Express BTP;10.000.000,00;Chèque;Validé;BGFI LRC;;Toilettes Express BTP;;RETRAIT CH 8879188
;08/01/2025;LE ROI DES CHANTIERS;LEME-CONSTRUCTION;30.000.000,00;Chèque;Validé;BGFI LRC;;LEME-CONSTRUCTION;;RETRAIT CH 8879186
;08/01/2025;LE ROI DES CHANTIERS;BATIPLUS;281.000.000,00;Virement;Validé;BGFI LRC;;BATIPLUS;;VIR.MULT. FOURNISSEUR/VIREMENT
;08/01/2025;LE ROI DES CHANTIERS;GTG - GABONAISE DES TRAVAUX GENERAUX;3.000.000,00;Chèque;Validé;BGFI LRC;;GTG - GABONAISE DES TRAVAUX GENERAUX;;CHEQUE NO  8878672
;08/01/2025;LE ROI DES CHANTIERS;TOYOTA GABON;38.315.000,00;Traite;Validé;AFG LRC;;TOYOTA GABON;;VIREMENT EFFET A L'ENCAISSEMENT FAVEUR TOYOTA GABON ECHEANCE  DU 05/12/2024
;08/01/2025;LE ROI DES CHANTIERS;TRACTAFRIC EQUIPMENT GABON;35.845.556,00;Traite;Validé;AFG LRC;;TRACTAFRIC EQUIPMENT GABON;;EFFETS A L'ENCAISSEMENT- REGLEMENT
;08/01/2025;LE ROI DES CHANTIERS;TOYOTA GABON;38.315.000,00;Traite;Validé;AFG LRC;;TOYOTA GABON;;EFFETS A L'ENCAISSEMENT- REGLEMENT
;08/01/2025;LE ROI DES CHANTIERS;BERNABE GABON SA;30.000.000,00;Traite;Validé;AFG LRC;;BERNABE GABON SA;;VIREMENT EFFET A L'ENCAISSEMENT FAVEUR BERNABE ECHEANCE DU  15/12/2024
;08/01/2025;LE ROI DES CHANTIERS;SODIM TP;29.900.000,00;Traite;Validé;AFG LRC;;SODIM TP;;VIREMENT EFFET A L'ENCAISSEMENT FAVEUR SODIM TP ECHEANCE DU  05/12/2024 REF: 016168
;09/01/2025;LE ROI DES CHANTIERS;TAYAM EVENT;4.575.000,00;Chèque;Validé;BGFI LRC;;TAYAM EVENT;;CHEQUE NO  8878622
;10/01/2025;LE ROI DES CHANTIERS;CISSOKO ALFOUSSEYNI;3.315.045,00;Chèque;Validé;BGFI LRC;;CISSOKO ALFOUSSEYNI;;CHEQUE NO  8879178
;10/01/2025;LE ROI DES CHANTIERS;LEADS GLOBAL SARL;6.000.000,00;Chèque;Validé;BGFI LRC;;LEADS GLOBAL SARL;;CHEQUE NO  8878675
;10/01/2025;LE ROI DES CHANTIERS;PYRAMID ENGINEERING;12.536.236,00;Chèque;Validé;BGFI LRC;;PYRAMID ENGINEERING;;CHEQUE NO  8879176
;13/01/2025;LE ROI DES CHANTIERS;PYRAMID ENGINEERING;11.276.056,00;Chèque;Validé;BGFI LRC;;PYRAMID ENGINEERING;;CHEQUE NO  8879177
;14/01/2025;LE ROI DES CHANTIERS;SARL AMIRA TRADING;150.000.000,00;Cash;Validé;CASH LE ROI DES CHANTIERS;;SARL AMIRA TRADING;;REGLEMENT ACOMPTE SUR FACTURE 17F28082024 AMIRA TRADING // M. COMI PODAR
;14/01/2025;LE ROI DES CHANTIERS;COMETAL;3.600.000,00;Chèque;Validé;BGFI LRC;;COMETAL;;RETRAIT CH 8879217
;14/01/2025;LE ROI DES CHANTIERS;LV EQUIPEMENT SERVICE;71.962.500,00;Chèque;Validé;BGFI LRC;;LV EQUIPEMENT SERVICE;;CHEQUE NO  8879199
;14/01/2025;LE ROI DES CHANTIERS;Société Gabonaise de Sécurité Industrielle;4.634.847,00;Chèque;Validé;BGFI LRC;;Société Gabonaise de Sécurité Industrielle;;CHEQUE NO  8879216
;14/01/2025;LE ROI DES CHANTIERS;SELECT;738.350,00;Chèque;Validé;BGFI LRC;;SELECT;;CHEQUE NO  8879205
;14/01/2025;LE ROI DES CHANTIERS;TTIB;3.704.910,00;Chèque;Validé;BGFI LRC;;TTIB;;CHEQUE NO  8879207
;14/01/2025;LE ROI DES CHANTIERS;SOGEM TP;8.270.500,00;Chèque;Validé;BGFI LRC;;SOGEM TP;;CHEQUE NO  8879204
;15/01/2025;LE ROI DES CHANTIERS;SARL AMIRA TRADING;140.000.000,00;Cash;Validé;CASH LE ROI DES CHANTIERS;;SARL AMIRA TRADING;;REGLEMENT 2eme ACOMPTE FACTURE 17F28082024 AMIRA // M.M. COMI
;16/01/2025;LE ROI DES CHANTIERS;SARL AMIRA TRADING;30.000.000,00;Cash;Validé;CASH LE ROI DES CHANTIERS;;SARL AMIRA TRADING;;SOLDE FACTURE 17F28082024 AMIRA TRADING // MR COMI 
;16/01/2025;LE ROI DES CHANTIERS;TRACTAFRIC EQUIPMENT GABON;3.799.755,00;Chèque;Validé;BGFI LRC;;TRACTAFRIC EQUIPMENT GABON;;CHEQUE NO  8879203
;16/01/2025;LE ROI DES CHANTIERS;GABON MECA;2.524.008,00;Chèque;Validé;BGFI LRC;;GABON MECA;;CHEQUE NO  8879210
;17/01/2025;LE ROI DES CHANTIERS;SCI ADRIANA & KURTHYS;2.518.600,00;Chèque;Validé;BGFI LRC;;SCI ADRIANA & KURTHYS;;RETRAIT CH 8879222
;17/01/2025;LE ROI DES CHANTIERS;TL2 SERVICES;1.098.000,00;Chèque;Validé;BGFI LRC;;TL2 SERVICES;;RETRAIT CH 8879221
;17/01/2025;LE ROI DES CHANTIERS;ELITE PROTECTION SECURITE;3.925.000,00;Chèque;Validé;BGFI LRC;;ELITE PROTECTION SECURITE;;CHEQUE NO  8879214
;24/01/2025;LE ROI DES CHANTIERS;SUNU ASSURANCES;3.433.121,00;Chèque;Validé;ORABANK LRC;;SUNU ASSURANCES;;CHQ no. 5296058 Banque: BGFI Bank Gabon SUNU ASSURANCES IARD GABON
;31/01/2025;LE ROI DES CHANTIERS;SARL PRIMEDIA GABON;50.000.000,00;Cash;Validé;CASH LE ROI DES CHANTIERS;;SARL PRIMEDIA GABON;;REGLEMENT FRE PRIMEDIA 1ER ACOMPTE // M. ALI
;01/02/2025;LE ROI DES CHANTIERS;SCI ADRIANA & KURTHYS;4.000.000,00;Cash;Validé;CASH LE ROI DES CHANTIERS;;SCI ADRIANA & KURTHYS;;REGLEMENT FACTURE LOYERS COLLABORATEURS TUNIS // M. RICHARD
;03/02/2025;LE ROI DES CHANTIERS;GIPA GABONAISE D'IMPRIMERIE ET DE PAPETERIE SA;844.600,00;Chèque;Validé;BGFI LRC;;GIPA GABONAISE D'IMPRIMERIE ET DE PAPETERIE SA;;CHEQUE NO  8879145
;07/02/2025;LE ROI DES CHANTIERS;TRACTAFRIC EQUIPMENT GABON;35.845.556,00;Traite;Validé;AFG LRC;;TRACTAFRIC EQUIPMENT GABON;;EFFETS A L'ENCAISSEMENT- REGLEMENT
;14/02/2025;LE ROI DES CHANTIERS;LV EQUIPEMENT SERVICE;283.810.000,00;Virement;Validé;BGFI LRC;;LV EQUIPEMENT SERVICE;;VIR.EMIS  LV EQUIPEMENT SERVIC
;14/02/2025;LE ROI DES CHANTIERS;GEOFOND;23.406.110,00;Chèque;Validé;BGFI LRC;;GEOFOND;;CHEQUE NO  8879142
;14/02/2025;LE ROI DES CHANTIERS;PIECES EQUIP'AUTO SA;1.661.971,00;Chèque;Validé;BGFI LRC;;PIECES EQUIP'AUTO SA;;CHEQUE NO  8879151
;14/02/2025;LE ROI DES CHANTIERS;SOGADIM;6.245.500,00;Chèque;Validé;BGFI LRC;;SOGADIM;;CHEQUE NO  8879111
;15/02/2025;LE ROI DES CHANTIERS;GROUPE GABON BUSINESS INTERNATIONAL GGBI;10.000.000,00;Cash;Validé;CASH LE ROI DES CHANTIERS;;GROUPE GABON BUSINESS INTERNATIONAL GGBI;;REGLEMENT FACTURE N 24/GGBI/F/00212 // M IBOUILI
;17/02/2025;LE ROI DES CHANTIERS;ENTREPRISE INDIVIDUELLE ETUDE ME BIYENGOU AGNES;2.770.215,00;Chèque;Validé;BGFI LRC;;ENTREPRISE INDIVIDUELLE ETUDE ME BIYENGOU AGNES;;RETRAIT CH 8879051
;17/02/2025;LE ROI DES CHANTIERS;CEBEV & BTP;3.817.396,00;Chèque;Validé;BGFI LRC;;CEBEV & BTP;;CHEQUE NO  8879109
;17/02/2025;LE ROI DES CHANTIERS;ISTORE;10.724.000,00;Chèque;Validé;BGFI LRC;;ISTORE;;CHEQUE NO  8879116
;17/02/2025;LE ROI DES CHANTIERS;SODIM TP;29.900.000,00;Traite;Validé;AFG LRC;;SODIM TP;;EFFETS A L'ENCAISSEMENT- REGLEMENT
;18/02/2025;LE ROI DES CHANTIERS;S BAC IMMO;11.540.000,00;Chèque;Validé;BGFI LRC;;S BAC IMMO;;RETRAIT CH 8879047
;18/02/2025;LE ROI DES CHANTIERS;OBONE NDONG DENISE EPSE ASSOGBA;1.920.000,00;Chèque;Validé;BGFI LRC;;OBONE NDONG DENISE EPSE ASSOGBA;;RETRAIT CH 8879120
;18/02/2025;LE ROI DES CHANTIERS;LEILA LOGISTIQUE;4.000.000,00;Chèque;Validé;BGFI LRC;;LEILA LOGISTIQUE;;RETRAIT CH 8879124
;18/02/2025;LE ROI DES CHANTIERS;GROUPE GABON BUSINESS INTERNATIONAL GGBI;392.919.350,00;Virement;Validé;BGFI LRC;;GROUPE GABON BUSINESS INTERNATIONAL GGBI;;VIREMENT MUL AUTRE BQE
;18/02/2025;LE ROI DES CHANTIERS;JAD BETON;4.623.150,00;Chèque;Validé;BGFI LRC;;JAD BETON;;CHEQUE NO  8879117
;18/02/2025;LE ROI DES CHANTIERS;SODIM TP;30.340.917,00;Chèque;Validé;BGFI LRC;;SODIM TP;;CHEQUE NO  8879132
;18/02/2025;LE ROI DES CHANTIERS;SODIM TP;76.812.002,00;Chèque;Validé;BGFI LRC;;SODIM TP;;CHEQUE NO  8879139
;18/02/2025;LE ROI DES CHANTIERS;SODIM TP;76.812.002,00;Chèque;Validé;BGFI LRC;;SODIM TP;;CHEQUE NO  8879138
;18/02/2025;LE ROI DES CHANTIERS;SODIM TP;76.812.002,00;Chèque;Validé;BGFI LRC;;SODIM TP;;CHEQUE NO  8879130
;18/02/2025;LE ROI DES CHANTIERS;SODIM TP;76.812.002,00;Chèque;Validé;BGFI LRC;;SODIM TP;;CHEQUE NO  8879131
;19/02/2025;LE ROI DES CHANTIERS;SUNU ASSURANCES;712.067,00;Chèque;Validé;BGFI LRC;;SUNU ASSURANCES;;CHEQUE NO  8879043
;19/02/2025;LE ROI DES CHANTIERS;GABON MECA;7.623.742,00;Chèque;Validé;BGFI LRC;;GABON MECA;;CHEQUE NO  8879144
;19/02/2025;LE ROI DES CHANTIERS;MEV HEBERGEMENT;5.507.500,00;Chèque;Validé;BGFI LRC;;MEV HEBERGEMENT;;CHEQUE NO  8879100
;19/02/2025;LE ROI DES CHANTIERS;SCI ADRIANA & KURTHYS;3.500.000,00;Chèque;Validé;BGFI LRC;;SCI ADRIANA & KURTHYS;;CHEQUE NO  8879093
;28/02/2025;LE ROI DES CHANTIERS;GROUPE GABON BUSINESS INTERNATIONAL GGBI;5.000.000,00;Cash;Validé;CASH LE ROI DES CHANTIERS;;GROUPE GABON BUSINESS INTERNATIONAL GGBI;;REGLEMENT FACTURE GGBI // M IBOUILI
;10/03/2025;LE ROI DES CHANTIERS;LIBREMAT SARL;40.000.000,00;Chèque;Validé;BGFI LRC;;LIBREMAT SARL;;RETRAIT CH 8879114 MAPAPA FAY
;10/03/2025;LE ROI DES CHANTIERS;TRACTAFRIC EQUIPMENT GABON;30.150.736,00;Traite;Validé;AFG LRC;;TRACTAFRIC EQUIPMENT GABON;;EFFETS A L'ENCAISSEMENT- REGLEMENT
;10/03/2025;LE ROI DES CHANTIERS;SODIM TP;29.900.000,00;Traite;Validé;AFG LRC;;SODIM TP;;EFFETS A L'ENCAISSEMENT- REGLEMENT
;10/03/2025;LE ROI DES CHANTIERS;CREDIT BAIL AFG;467.258.472,00;Opération bancaire;Validé;AFG LRC;;CREDIT BAIL AFG;;VIREMENT REGLEMENT LOYER  CREDIT BAIL
;11/03/2025;LE ROI DES CHANTIERS;TRACTAFRIC EQUIPMENT GABON;35.845.556,00;Traite;Validé;AFG LRC;;TRACTAFRIC EQUIPMENT GABON;;EFFETS A L'ENCAISSEMENT- REGLEMENT
;13/03/2025;LE ROI DES CHANTIERS;TRACTAFRIC EQUIPMENT GABON;35.845.556,00;Traite;Validé;AFG LRC;;TRACTAFRIC EQUIPMENT GABON;;EFFETS A L'ENCAISSEMENT- REGLEMENT
;14/03/2025;LE ROI DES CHANTIERS;SOGEM TP;22.000.000,00;Virement;Validé;AFG LRC;;SOGEM TP;;VIREMENT PAIEMENT CH 0000518
;20/03/2025;LE ROI DES CHANTIERS;Toilettes Express BTP;2.194.000,00;Chèque;Validé;BGFI LRC;;Toilettes Express BTP;;RETRAIT CH 8878928
;20/03/2025;LE ROI DES CHANTIERS;BAMBA RASSOUL;14.648.000,00;Chèque;Validé;BGFI LRC;;BAMBA RASSOUL;;RETRAIT CH 8879017
;20/03/2025;LE ROI DES CHANTIERS;ASHLEY BTP;40.000.000,00;Chèque;Validé;BGFI LRC;;ASHLEY BTP;;RETRAIT CH 8879010
;20/03/2025;LE ROI DES CHANTIERS;CISSOKO ALFOUSSEYNI;4.180.000,00;Chèque;Validé;BGFI LRC;;CISSOKO ALFOUSSEYNI;;RETRAIT CH 8879012
;20/03/2025;LE ROI DES CHANTIERS;APE;3.277.000,00;Chèque;Validé;BGFI LRC;;APE;;RETRAIT CH 8878814
;20/03/2025;LE ROI DES CHANTIERS;LIBREMAT SARL;5.000.000,00;Chèque;Validé;BGFI LRC;;LIBREMAT SARL;;RETRAIT CH 8879018
;20/03/2025;LE ROI DES CHANTIERS;GABOIL;138.600.000,00;Virement;Validé;BGFI LRC;;GABOIL;;GAB'  OIL
;20/03/2025;LE ROI DES CHANTIERS;GABOIL;105.997.000,00;Virement;Validé;BGFI LRC;;GABOIL;;GAB'  OIL
;20/03/2025;LE ROI DES CHANTIERS;SARL PRIMEDIA GABON;350.000.000,00;Virement;Validé;BGFI LRC;;SARL PRIMEDIA GABON;;VIR.EMIS  PRIMEDIA GABON
;20/03/2025;LE ROI DES CHANTIERS;LV EQUIPEMENT SERVICE;500.000.000,00;Virement;Validé;BGFI LRC;;LV EQUIPEMENT SERVICE;;VIR.EMIS  LV EQUIPEMENT SERVIC
;20/03/2025;LE ROI DES CHANTIERS;SOCIETE MAISSA ARCHITECTURES;399.999.100,00;Virement;Validé;BGFI LRC;;SOCIETE MAISSA ARCHITECTURES;;VIR.EMIS  MAISSA ARCHITECTURES
;20/03/2025;LE ROI DES CHANTIERS;EFTC - ENTREPRISE FAMILLE TEMBEKA CONSTRUCTION;54.950.000,00;Virement;Validé;BGFI LRC;;EFTC - ENTREPRISE FAMILLE TEMBEKA CONSTRUCTION;;VIR.EMIS  EFTC
;20/03/2025;LE ROI DES CHANTIERS;EPC - EXPLOSIFS ET PRODUITS CHIMIQUES GABON;23.993.121,00;Virement;Validé;BGFI LRC;;EPC - EXPLOSIFS ET PRODUITS CHIMIQUES GABON;;VIR.EMIS  EPC GABON SARL
;20/03/2025;LE ROI DES CHANTIERS;EBTP, Entreprise Bâtiment et Travaux Publics;387.515.889,00;Virement;Validé;BGFI LRC;;EBTP, Entreprise Bâtiment et Travaux Publics;;VIREMENT MUL AUTRE BQE
;20/03/2025;LE ROI DES CHANTIERS;OUVRAGES STRUCTURES INGENIERIE;13.500.075,00;Chèque;Validé;BGFI LRC;;OUVRAGES STRUCTURES INGENIERIE;;CHEQUE NO  8878937
;20/03/2025;LE ROI DES CHANTIERS;GARAGE SERVICES PRO;6.225.170,00;Chèque;Validé;BGFI LRC;;GARAGE SERVICES PRO;;CHEQUE NO  8878953
;20/03/2025;LE ROI DES CHANTIERS;SOGEM TP;3.856.354,00;Chèque;Validé;BGFI LRC;;SOGEM TP;;CHEQUE NO  8879022
;21/03/2025;LE ROI DES CHANTIERS;FREDY GROUP;5.600.000,00;Chèque;Validé;BGFI LRC;;FREDY GROUP;;RETRAIT CH 8879001
;21/03/2025;LE ROI DES CHANTIERS;TAF AGRO UNIVERSEL;40.000.000,00;Chèque;Validé;BGFI LRC;;TAF AGRO UNIVERSEL;;CHEQUE NO  8878929
;21/03/2025;LE ROI DES CHANTIERS;GROUPE GABON BUSINESS INTERNATIONAL GGBI;22.818.118,00;Chèque;Validé;BGFI LRC;;GROUPE GABON BUSINESS INTERNATIONAL GGBI;;CHEQUE NO  8879021
;24/03/2025;LE ROI DES CHANTIERS;ELITE PROTECTION SECURITE;3.925.000,00;Chèque;Validé;BGFI LRC;;ELITE PROTECTION SECURITE;;RETRAIT CH 8879004
;24/03/2025;LE ROI DES CHANTIERS;L'HABITAT;7.156.160,00;Chèque;Validé;BGFI LRC;;L'HABITAT;;RETRAIT CH 8879000
;24/03/2025;LE ROI DES CHANTIERS;LEONIE;2.159.750,00;Chèque;Validé;BGFI LRC;;LEONIE;;RETRAIT CH 8878809
;24/03/2025;LE ROI DES CHANTIERS;GIPA GABONAISE D'IMPRIMERIE ET DE PAPETERIE SA;3.900.500,00;Chèque;Validé;BGFI LRC;;GIPA GABONAISE D'IMPRIMERIE ET DE PAPETERIE SA;;CHEQUE NO  8879013
;24/03/2025;LE ROI DES CHANTIERS;Société Gabonaise de Sécurité Industrielle;1.405.388,00;Chèque;Validé;BGFI LRC;;Société Gabonaise de Sécurité Industrielle;;CHEQUE NO  8879166
;24/03/2025;LE ROI DES CHANTIERS;BRICORAMA;3.475.000,00;Chèque;Validé;BGFI LRC;;BRICORAMA;;CHEQUE NO  8878811
;25/03/2025;LE ROI DES CHANTIERS;AGIROUTE GABON;7.177.226,00;Chèque;Validé;BGFI LRC;;AGIROUTE GABON;;RETRAIT CH 8878958
;25/03/2025;LE ROI DES CHANTIERS;DIAWARA ET FILS;900.000,00;Chèque;Validé;BGFI LRC;;DIAWARA ET FILS;;CHEQUE NO  8878996
;25/03/2025;LE ROI DES CHANTIERS;GARAGE SERVICES PRO;1.700.000,00;Chèque;Validé;BGFI LRC;;GARAGE SERVICES PRO;;CHEQUE NO  8878941
;26/03/2025;LE ROI DES CHANTIERS;STRAIGHTLINE DETAILING;6.159.000,00;Chèque;Validé;BGFI LRC;;STRAIGHTLINE DETAILING;;CHEQUE NO  8878934
;26/03/2025;LE ROI DES CHANTIERS;SOLUGEO;2.287.500,00;Chèque;Validé;BGFI LRC;;SOLUGEO;;CHEQUE NO  8878798
;26/03/2025;LE ROI DES CHANTIERS;SCI Celine;2.120.000,00;Chèque;Validé;BGFI LRC;;SCI Celine;;CHEQUE NO  8879075
;26/03/2025;LE ROI DES CHANTIERS;MECANO AUTO DESIGN;3.492.000,00;Chèque;Validé;BGFI LRC;;MECANO AUTO DESIGN;;CHEQUE NO  8878944
;27/03/2025;LE ROI DES CHANTIERS;BATIPLUS;50.000.000,00;Virement;Validé;BGFI LRC;;BATIPLUS;;PAIEMENT AVAL/TRAITE   926916
;27/03/2025;LE ROI DES CHANTIERS;BERNABE GABON SA;50.000.000,00;Virement;Validé;BGFI LRC;;BERNABE GABON SA;;PAIEMENT AVAL/TRAITE   926918
;27/03/2025;LE ROI DES CHANTIERS;TRACTAFRIC EQUIPMENT GABON;50.000.000,00;Virement;Validé;BGFI LRC;;TRACTAFRIC EQUIPMENT GABON;;PAIEMENT AVAL/TRAITE   926920
;28/03/2025;LE ROI DES CHANTIERS;SOGEM TP;70.000.000,00;Virement;Validé;BGFI LRC;;SOGEM TP;;PAIEMENT AVAL/TRAITE   926923
;01/04/2025;LE ROI DES CHANTIERS;LIBREMAT SARL;10.000.000,00;Chèque;Validé;BGFI LRC;;LIBREMAT SARL;;RETRAIT CH 8878820 MAPAPA FAY
;01/04/2025;LE ROI DES CHANTIERS;SEEG - SOCIETE D’ENERGIE ET D’EAU DU GABON;4.970.232,00;Chèque;Validé;BGFI LRC;;SEEG - SOCIETE D’ENERGIE ET D’EAU DU GABON;;RETRAIT CH 8879019
;01/04/2025;LE ROI DES CHANTIERS;SUNU ASSURANCES;2.632.500,00;Chèque;Validé;BGFI LRC;;SUNU ASSURANCES;;CHEQUE NO  8878959
;01/04/2025;LE ROI DES CHANTIERS;OGAR ASSURANCES;6.184.720,00;Chèque;Validé;BGFI LRC;;OGAR ASSURANCES;;CHEQUE NO  8878960
;01/04/2025;LE ROI DES CHANTIERS;ATLANTIC MACHINERY MANUFACTURING;40.037.647,00;Virement;Validé;BGFI LRC;;ATLANTIC MACHINERY MANUFACTURING;;VIR.ETR.  04170 TRF17172270
;01/04/2025;LE ROI DES CHANTIERS;ATLANTIC MACHINERY MANUFACTURING;42.620.806,00;Virement;Validé;BGFI LRC;;ATLANTIC MACHINERY MANUFACTURING;;VIR.ETR.  04170 TRF17172273
;02/04/2025;LE ROI DES CHANTIERS;GRAND TRANSPORT DU NORD;7.735.000,00;Chèque;Validé;BGFI LRC;;GRAND TRANSPORT DU NORD;;CHEQUE NO  8878940
;07/04/2025;LE ROI DES CHANTIERS;TAPIS ROUGE EVENT;2.796.450,00;Chèque;Validé;BGFI LRC;;TAPIS ROUGE EVENT;;RETRAIT CH 8878826 NDZE MADAN
;07/04/2025;LE ROI DES CHANTIERS;LA CENTRALE DES MATERIAUX;33.778.225,00;Chèque;Validé;BGFI LRC;;LA CENTRALE DES MATERIAUX;;CHEQUE NO  8878831
;07/04/2025;LE ROI DES CHANTIERS;LV EQUIPEMENT SERVICE;38.380.000,00;Chèque;Validé;BGFI LRC;;LV EQUIPEMENT SERVICE;;CHEQUE NO  8878969
;07/04/2025;LE ROI DES CHANTIERS;GRAND TRANSPORT DU NORD;1.310.000,00;Chèque;Validé;BGFI LRC;;GRAND TRANSPORT DU NORD;;CHEQUE NO  8878833
;08/04/2025;LE ROI DES CHANTIERS;SOGEM TP;1.451.800,00;Chèque;Validé;BGFI LRC;;SOGEM TP;;CHEQUE NO  8878827
;09/04/2025;LE ROI DES CHANTIERS;CREDIT BAIL AFG;77.876.412,00;Opération bancaire;Validé;AFG LRC;;CREDIT BAIL AFG;;VIREMENT REGLEMENT LOYER  CREDIT BAIL
;09/04/2025;LE ROI DES CHANTIERS;TRACTAFRIC EQUIPMENT GABON;35.845.556,00;Traite;Validé;AFG LRC;;TRACTAFRIC EQUIPMENT GABON;;EFFETS A L'ENCAISSEMENT- REGLEMENT
;09/04/2025;LE ROI DES CHANTIERS;SODIM TP;29.900.000,00;Traite;Validé;AFG LRC;;SODIM TP;;EFFETS A L'ENCAISSEMENT- REGLEMENT
;09/04/2025;LE ROI DES CHANTIERS;TRACTAFRIC EQUIPMENT GABON;30.000.000,00;Traite;Validé;AFG LRC;;TRACTAFRIC EQUIPMENT GABON;;EFFETS A L'ENCAISSEMENT- REGLEMENT
;10/04/2025;LE ROI DES CHANTIERS;ATLANTIC MACHINERY MANUFACTURING;42.620.806,00;Virement;Validé;BGFI LRC;;ATLANTIC MACHINERY MANUFACTURING;;VIR.ETR.  04170 TRF17172782
;14/04/2025;LE ROI DES CHANTIERS;LEME-CONSTRUCTION;40.000.000,00;Chèque;Validé;BGFI LRC;;LEME-CONSTRUCTION;;RETRAIT CH 8878830 FAYE MAMAD
;15/04/2025;LE ROI DES CHANTIERS;JOY HOME;6.010.000,00;Chèque;Validé;BGFI LRC;;JOY HOME;;RETRAIT CH 8878843
;15/04/2025;LE ROI DES CHANTIERS;GRAFRIQUE;2.483.320,00;Chèque;Validé;BGFI LRC;;GRAFRIQUE;;CHEQUE NO  8878829
;15/04/2025;LE ROI DES CHANTIERS;SOCIETE PRESTIGE AUTO LUXE;95.000.000,00;Chèque;Validé;BGFI LRC;;SOCIETE PRESTIGE AUTO LUXE;;CHEQUE NO  8878842
;15/04/2025;LE ROI DES CHANTIERS;SOCIETE PRESTIGE AUTO LUXE;95.000.000,00;Chèque;Validé;BGFI LRC;;SOCIETE PRESTIGE AUTO LUXE;;CHEQUE NO  8878841
;16/04/2025;LE ROI DES CHANTIERS;SOCOBA EDTPL;41.542.900,00;Chèque;Validé;BGFI LRC;;SOCOBA EDTPL;;RETRAIT CH 8878835
;16/04/2025;LE ROI DES CHANTIERS;SOCOBA EDTPL;41.542.900,00;Chèque;Validé;BGFI LRC;;SOCOBA EDTPL;;RETRAIT CH 8878836
;16/04/2025;LE ROI DES CHANTIERS;MBOLO SAMBA;12.440.000,00;Chèque;Validé;BGFI LRC;;MBOLO SAMBA;;RETRAIT CH 8878848
;16/04/2025;LE ROI DES CHANTIERS;PLENITUDE GABON SERVICES;12.941.436,00;Chèque;Validé;BGFI LRC;;PLENITUDE GABON SERVICES;;RETRAIT CH 8878849
;16/04/2025;LE ROI DES CHANTIERS;Construction Nouvelle Horizon;40.000.000,00;Chèque;Validé;BGFI LRC;;Construction Nouvelle Horizon;;RETRAIT CH 8878857
;16/04/2025;LE ROI DES CHANTIERS;INDUSTRIE DE VITRAGE ET D'ALUMINIUM;30.000.000,00;Chèque;Validé;BGFI LRC;;INDUSTRIE DE VITRAGE ET D'ALUMINIUM;;CHEQUE NO  8878844
;16/04/2025;LE ROI DES CHANTIERS;GREENWOOD INTERNATIONAL;1.600.000,00;Chèque;Validé;BGFI LRC;;GREENWOOD INTERNATIONAL;;CHEQUE NO  8878834
;18/04/2025;LE ROI DES CHANTIERS;VISION COM;20.000.000,00;Chèque;Validé;BGFI LRC;;VISION COM;;RETRAIT CH 8878859
;18/04/2025;LE ROI DES CHANTIERS;BERNABE GABON SA;50.000.000,00;Chèque;Validé;BGFI LRC;;BERNABE GABON SA;;CHEQUE NO  8878851
;22/04/2025;LE ROI DES CHANTIERS;GARAGE SERVICES PRO;7.701.363,00;Chèque;Validé;BGFI LRC;;GARAGE SERVICES PRO;;RETRAIT CH 8878860
;22/04/2025;LE ROI DES CHANTIERS;SELECT;1.838.200,00;Chèque;Validé;BGFI LRC;;SELECT;;CHEQUE NO  8878845
;22/04/2025;LE ROI DES CHANTIERS;ELITE PROTECTION SECURITE;4.395.000,00;Chèque;Validé;BGFI LRC;;ELITE PROTECTION SECURITE;;CHEQUE NO  8878846
;22/04/2025;LE ROI DES CHANTIERS;TRACTAFRIC EQUIPMENT GABON;954.470,00;Chèque;Validé;BGFI LRC;;TRACTAFRIC EQUIPMENT GABON;;CHEQUE NO  8878858
;23/04/2025;LE ROI DES CHANTIERS;TRANSPORT SERVICE EXPRESS;2.200.000,00;Chèque;Validé;BGFI LRC;;TRANSPORT SERVICE EXPRESS;;RETRAIT CH 8878867
;23/04/2025;LE ROI DES CHANTIERS;BAMBA RASSOUL;42.480.000,00;Chèque;Validé;BGFI LRC;;BAMBA RASSOUL;;RETRAIT CH 8878864
;23/04/2025;LE ROI DES CHANTIERS;;303.544.050,00;Virement;Validé;BGFI LRC;;;;VIR.MULT. 214716
;24/04/2025;LE ROI DES CHANTIERS;GROUPE GABON BUSINESS INTERNATIONAL GGBI;65.846.834,00;Chèque;Validé;ECOBANK;;GROUPE GABON BUSINESS INTERNATIONAL GGBI;;REF : T01PS06251140001 // DEBIT DIRECT //  // SOLDE FACTURES  LE ROI DES CHANTIERS FAV GGBI
;24/04/2025;LE ROI DES CHANTIERS;DMH GABON;10.000.000,00;Chèque;Validé;BGFI LRC;;DMH GABON;;CHEQUE NO  8878861
;25/04/2025;LE ROI DES CHANTIERS;GABON TELECOM;24.338.790,00;Chèque;Validé;ECOBANK;;GABON TELECOM;;REF : T011MA1251150001 // DEBIT DIRECT //  // VRT LE ROIS DES CHANTIERS FV GABON TELECOM
;25/04/2025;LE ROI DES CHANTIERS;SEGA BTP;26.000.000,00;Chèque;Validé;ECOBANK;;SEGA BTP;;REF : T011MA1251150002 // DEBIT DIRECT //  // VRT LE ROIS DES CHANTIERS FV SEGA BTP
;25/04/2025;LE ROI DES CHANTIERS;COGEBA TP;50.000.000,00;Chèque;Validé;ECOBANK;;COGEBA TP;;REF : T011MA1251150003 // DEBIT DIRECT //  // VRT LE ROIS DES CHANTIERS FV COGEBA BTP
;25/04/2025;LE ROI DES CHANTIERS;COLAS GABON;61.357.500,00;Chèque;Validé;ECOBANK;;COLAS GABON;;REF : T011MA1251150004 // DEBIT DIRECT //  // VRT LE ROIS DES CHANTIERS FV COLAS
;25/04/2025;LE ROI DES CHANTIERS;Construction Nouvelle Horizon;85.973.472,00;Chèque;Validé;ECOBANK;;Construction Nouvelle Horizon;;REF : T011MA1251150005 // DEBIT DIRECT //  // VRT LE ROIS DES CHANTIERS FV CONSTRUCTION NOUVELLE HORIZON
;25/04/2025;LE ROI DES CHANTIERS;PLENITUDE GABON SERVICES;25.882.872,00;Chèque;Validé;ECOBANK;;PLENITUDE GABON SERVICES;;REF : T011MA1251150006 // DEBIT DIRECT //  // VRT LE ROIS DES CHANTIERS FV PLENITUDE GABON SERVICES
;25/04/2025;LE ROI DES CHANTIERS;LGE INDUSTRIE;93.826.170,00;Chèque;Validé;ECOBANK;;LGE INDUSTRIE;;REF : T011MA1251150007 // DEBIT DIRECT //  // VRT LE ROIS DES CHANTIERS FV  LGE INDUSTRIE
;25/04/2025;LE ROI DES CHANTIERS;CANA BTP;50.000.000,00;Chèque;Validé;ECOBANK;;CANA BTP;;REF : T011MA1251150008 // DEBIT DIRECT //  // VRT LE ROIS DES CHANTIERS FV CANA BTP
;25/04/2025;LE ROI DES CHANTIERS;SSPG;3.435.825,00;Chèque;Validé;BGFI LRC;;SSPG;;CHEQUE NO  8879230
;25/04/2025;LE ROI DES CHANTIERS;SUNU ASSURANCES;4.000.000,00;Chèque;Validé;BGFI LRC;;SUNU ASSURANCES;;CHEQUE NO  8879208
;25/04/2025;LE ROI DES CHANTIERS;BATIPLUS;50.000.000,00;Virement;Validé;BGFI LRC;;BATIPLUS;;PAIEMENT AVAL/TRAITE   926917
;25/04/2025;LE ROI DES CHANTIERS;BERNABE GABON SA;50.000.000,00;Virement;Validé;BGFI LRC;;BERNABE GABON SA;;PAIEMENT AVAL/TRAITE   926919
;25/04/2025;LE ROI DES CHANTIERS;TRACTAFRIC EQUIPMENT GABON;50.000.000,00;Virement;Validé;BGFI LRC;;TRACTAFRIC EQUIPMENT GABON;;PAIEMENT AVAL/TRAITE   926921
;28/04/2025;LE ROI DES CHANTIERS;SCI NADIA;5.850.000,00;Chèque;Validé;BGFI LRC;;SCI NADIA;;RETRAIT CH 8879249
;28/04/2025;LE ROI DES CHANTIERS;COLAS GABON;3.927.000,00;Chèque;Validé;BGFI LRC;;COLAS GABON;;CHEQUE NO  8878862
;28/04/2025;LE ROI DES CHANTIERS;OGAR ASSURANCES;21.530.194,00;Chèque;Validé;BGFI LRC;;OGAR ASSURANCES;;CHEQUE NO  8878872
;29/04/2025;LE ROI DES CHANTIERS;PRESMA SERVICES;550.750,00;Chèque;Validé;BGFI LRC;;PRESMA SERVICES;;CHEQUE NO  8879242
;29/04/2025;LE ROI DES CHANTIERS;GIPA GABONAISE D'IMPRIMERIE ET DE PAPETERIE SA;225.000,00;Chèque;Validé;BGFI LRC;;GIPA GABONAISE D'IMPRIMERIE ET DE PAPETERIE SA;;CHEQUE NO  8879240
;29/04/2025;LE ROI DES CHANTIERS;SOGEM TP;70.000.000,00;Virement;Validé;BGFI LRC;;SOGEM TP;;PAIEMENT AVAL/TRAITE   926924
;30/04/2025;LE ROI DES CHANTIERS;PARK INN & RADISSON BLU;2.276.000,00;Chèque;Validé;BGFI LRC;;PARK INN & RADISSON BLU;;CHEQUE NO  8879250
;30/04/2025;LE ROI DES CHANTIERS;SOGAFRIC SERVICES SA;8.861.273,00;Chèque;Validé;BGFI LRC;;SOGAFRIC SERVICES SA;;CHEQUE NO  8879231
;30/04/2025;LE ROI DES CHANTIERS;SOGAFRIC SERVICES SA;16.241.259,00;Chèque;Validé;BGFI LRC;;SOGAFRIC SERVICES SA;;CHEQUE NO  8878871
;30/04/2025;LE ROI DES CHANTIERS;BROSSETTE NETTOYAGE;907.000,00;Chèque;Validé;BGFI LRC;;BROSSETTE NETTOYAGE;;CHEQUE NO  8878875
;30/04/2025;LE ROI DES CHANTIERS;SOGAFRIC SERVICES SA;57.427.573,00;Chèque;Validé;BGFI LRC;;SOGAFRIC SERVICES SA;;CHEQUE NO  8879258
;30/04/2025;LE ROI DES CHANTIERS;MEV HEBERGEMENT;3.780.000,00;Chèque;Validé;BGFI LRC;;MEV HEBERGEMENT;;CHEQUE NO  8879248
;04/05/2025;LE ROI DES CHANTIERS;GEOTECH SUARL;6.000.000,00;Cash;Validé;CASH LE ROI DES CHANTIERS;;GEOTECH SUARL;;REGLEMENT FACTURE GEOTECH PC  ETUDES GEOTECHNIQUE POUR CONSTRUCTION DE STATION A TRAVERS LE GABON // M AKUE OVONO BRICE
;09/05/2025;LE ROI DES CHANTIERS;ANGA CONSULTING;13.000.000,00;Chèque;Validé;BGFI LRC;;ANGA CONSULTING;;RETRAIT CH 8878883 SIMANGOYE
;13/05/2025;LE ROI DES CHANTIERS;SMYLE BY E&M;7.400.000,00;Chèque;Validé;BGFI LRC;;SMYLE BY E&M;;RETRAIT CH 8879247 DIANGA POP
;13/05/2025;LE ROI DES CHANTIERS;OMNIUM GABON;34.551.955,00;Virement;Validé;BGFI LRC;;OMNIUM GABON;;VIR.EMIS  OMNIUM GABON
;13/05/2025;LE ROI DES CHANTIERS;BINTSE EVENTS;12.551.775,00;Virement;Validé;BGFI LRC;;BINTSE EVENTS;;VIR.EMIS  BINTSE
;13/05/2025;LE ROI DES CHANTIERS;TOUT TRANSIT TRANSPORT (3T CAMEROUN SA);35.000.000,00;Virement;Validé;BGFI LRC;;TOUT TRANSIT TRANSPORT (3T CAMEROUN SA);;VIR.EMIS  3T CAMEROUN SA
;15/05/2025;LE ROI DES CHANTIERS;LEME-CONSTRUCTION;10.003.619,00;Cash;Validé;CASH LE ROI DES CHANTIERS;;LEME-CONSTRUCTION;;AVANCE POUR DEMARRAGE DES TRAVAUX DE CONSTRUCTION DE 11 LOGEMENTS A NDENDE // M FAYE MAMADOU
;20/05/2025;LE ROI DES CHANTIERS;TRACTAFRIC EQUIPMENT GABON;35.845.556,00;Traite;Validé;AFG LRC;;TRACTAFRIC EQUIPMENT GABON;;VIREMENT RGLT EFFET TRACTAFRIC   N°001EABG241860504 ECHEANCE AU  30/04/2025
;20/05/2025;LE ROI DES CHANTIERS;LV EQUIPEMENT SERVICE;13.635.000,00;Chèque;Validé;AFG LRC;;LV EQUIPEMENT SERVICE;;REMISE DE CHEQUE INTRA DEBIT  CHEQUE INTERNE NUMERO 0000799
;21/05/2025;LE ROI DES CHANTIERS;ACCEGS;8.120.000,00;Chèque;Validé;BGFI LRC;;ACCEGS;;RETRAIT CH 8878907
;21/05/2025;LE ROI DES CHANTIERS;GABON TELECOM;12.219.747,00;Virement;Validé;BGFI LRC;;GABON TELECOM;;VIR.EMIS  GABON TELECOM
;21/05/2025;LE ROI DES CHANTIERS;LA CENTRALE DES MATERIAUX;18.561.873,00;Virement;Validé;BGFI LRC;;LA CENTRALE DES MATERIAUX;;VIR.EMIS  LA CENTRALE DES MATE
;21/05/2025;LE ROI DES CHANTIERS;EFTC - ENTREPRISE FAMILLE TEMBEKA CONSTRUCTION;20.000.000,00;Virement;Validé;BGFI LRC;;EFTC - ENTREPRISE FAMILLE TEMBEKA CONSTRUCTION;;VIR.EMIS  EFTC
;24/05/2025;LE ROI DES CHANTIERS;BATIPLUS;3.250.000,00;Cash;Validé;CASH LE ROI DES CHANTIERS;;BATIPLUS;;ACHATS DE 5 MARTEAUX PIQUEURS DE 2200 WATTS A BATIPLUS // MME JOELLE
;26/05/2025;LE ROI DES CHANTIERS;SODIM TP;29.900.000,00;Traite;Validé;AFG LRC;;SODIM TP;;EFFETS A L'ENCAISSEMENT- REGLEMENT
;26/05/2025;LE ROI DES CHANTIERS;CREDIT BAIL AFG;63.795.630,00;Opération bancaire;Validé;AFG LRC;;CREDIT BAIL AFG;;REGULARISATION  REGULARISATION  SUR LOYER IMPAYE DU 30/04/2025
;26/05/2025;LE ROI DES CHANTIERS;CREDIT BAIL AFG;10.991.629,00;Opération bancaire;Validé;AFG LRC;;CREDIT BAIL AFG;;REGULARISATION  REGULARISATION  SUR LOYER IMPAYE DU 30/04/2025
;27/05/2025;LE ROI DES CHANTIERS;APE;3.290.350,00;Chèque;Validé;BGFI LRC;;APE;;CHEQUE NO  8878950
;27/05/2025;LE ROI DES CHANTIERS;TRACTAFRIC EQUIPMENT GABON;50.000.000,00;Virement;Validé;BGFI LRC;;TRACTAFRIC EQUIPMENT GABON;;PAIEMENT AVAL/TRAITE   926922
;28/05/2025;LE ROI DES CHANTIERS;BATIPLUS;200.000.000,00;Virement;Validé;BGFI LRC;;BATIPLUS;;VIR.EMIS  BATI PLUS
;28/05/2025;LE ROI DES CHANTIERS;BERNABE GABON SA;500.000.000,00;Virement;Validé;BGFI LRC;;BERNABE GABON SA;;VIR.EMIS  BERNABE GABON
;28/05/2025;LE ROI DES CHANTIERS;MARSHALL GABON;30.000.000,00;Virement;Validé;BGFI LRC;;MARSHALL GABON;;VIR.EMIS  MARSHALL GABON
;29/05/2025;LE ROI DES CHANTIERS;SOCIETE UWAGAB;10.000.000,00;Cash;Validé;CASH LE ROI DES CHANTIERS;;SOCIETE UWAGAB;;DECAISSEMENT ACCORD PDG AGANO/ AVANCE POUR 50 DALOTS // M EMMANUEL UZODIMMA/UWAGAB
;30/05/2025;LE ROI DES CHANTIERS;TRACTAFRIC EQUIPMENT GABON;35.845.556,00;Traite;Validé;AFG LRC;;TRACTAFRIC EQUIPMENT GABON;;EFFETS A L'ENCAISSEMENT- REGLEMENT
;30/05/2025;LE ROI DES CHANTIERS;TRACTAFRIC EQUIPMENT GABON;87.500.000,00;Chèque;Validé;BGFI LRC;;TRACTAFRIC EQUIPMENT GABON;;CHEQUE NO  8879235
;30/05/2025;LE ROI DES CHANTIERS;TRACTAFRIC EQUIPMENT GABON;87.500.000,00;Chèque;Validé;BGFI LRC;;TRACTAFRIC EQUIPMENT GABON;;CHEQUE NO  8879238
;30/05/2025;LE ROI DES CHANTIERS;TRACTAFRIC EQUIPMENT GABON;87.500.000,00;Chèque;Validé;BGFI LRC;;TRACTAFRIC EQUIPMENT GABON;;CHEQUE NO  8879236
;30/05/2025;LE ROI DES CHANTIERS;TRACTAFRIC EQUIPMENT GABON;87.500.000,00;Chèque;Validé;BGFI LRC;;TRACTAFRIC EQUIPMENT GABON;;CHEQUE NO  8879237
;30/05/2025;LE ROI DES CHANTIERS;SOGEM TP;70.000.000,00;Virement;Validé;BGFI LRC;;SOGEM TP;;PAIEMENT AVAL/TRAITE   926925
;02/06/2025;LE ROI DES CHANTIERS;Deloitte GABON;10.829.000,00;Virement;Validé;BGFI LRC;;Deloitte GABON;;VIR.EMIS  DELOITTE JURIDIQUE E
;02/06/2025;LE ROI DES CHANTIERS;ISTORE;28.377.450,00;Virement;Validé;BGFI LRC;;ISTORE;;VIR.EMIS  I STORE
;02/06/2025;LE ROI DES CHANTIERS;CFAO Comptoir Francais De L'Afrique Occidentale;72.000.000,00;Virement;Validé;BGFI LRC;;CFAO Comptoir Francais De L'Afrique Occidentale;;VIR.EMIS  CFAO MOBILITY GABON
;02/06/2025;LE ROI DES CHANTIERS;TROPICAL TIMBER INDUSTRY BOARD;32.542.056,00;Virement;Validé;BGFI LRC;;TROPICAL TIMBER INDUSTRY BOARD;;VIR.MULT. 228069
;02/06/2025;LE ROI DES CHANTIERS;URBAN BTP;85.144.500,00;Virement;Validé;BGFI LRC;;URBAN BTP;;VIR.EMIS  URBAN BTP
;02/06/2025;LE ROI DES CHANTIERS;OGAR ASSURANCES;17.174.971,00;Chèque;Validé;BGFI LRC;;OGAR ASSURANCES;;CHEQUE NO  8878936
;02/06/2025;LE ROI DES CHANTIERS;SOCIETE PRESTIGE AUTO LUXE;80.250.000,00;Chèque;Validé;BGFI LRC;;SOCIETE PRESTIGE AUTO LUXE;;CHEQUE NO  8879264
;02/06/2025;LE ROI DES CHANTIERS;SOCIETE PRESTIGE AUTO LUXE;80.250.000,00;Chèque;Validé;BGFI LRC;;SOCIETE PRESTIGE AUTO LUXE;;CHEQUE NO  8879265
;02/06/2025;LE ROI DES CHANTIERS;SOCIETE PRESTIGE AUTO LUXE;80.250.000,00;Chèque;Validé;BGFI LRC;;SOCIETE PRESTIGE AUTO LUXE;;CHEQUE NO  8879266
;02/06/2025;LE ROI DES CHANTIERS;SOCIETE PRESTIGE AUTO LUXE;80.250.000,00;Chèque;Validé;BGFI LRC;;SOCIETE PRESTIGE AUTO LUXE;;CHEQUE NO  8879263
;02/06/2025;LE ROI DES CHANTIERS;PLENITUDE GABON SERVICES;20.000.000,00;Cash;Validé;CASH LE ROI DES CHANTIERS;;PLENITUDE GABON SERVICES;;DEUXIEME ACOMPTE SUR DEVIS DE 20% PLENITUDE GABON SERVICE // M WANET IMANGUI RAVIS HILLE
;03/06/2025;LE ROI DES CHANTIERS;TOYOTA GABON;100.000.000,00;Virement;Validé;ORABANK LRC;;TOYOTA GABON;;Virmt fav. TOYOTA GABON RGLT FACTURES
;03/06/2025;LE ROI DES CHANTIERS;SOGADIM;12.750.000,00;Chèque;Validé;BGFI LRC;;SOGADIM;;CHEQUE NO  8878796
;04/06/2025;LE ROI DES CHANTIERS;PLENITUDE GABON SERVICES;30.523.499,00;Chèque;Validé;AFG LRC;;PLENITUDE GABON SERVICES;;CHEQUE RECUS  Num cheq: 0000572
;04/06/2025;LE ROI DES CHANTIERS;GROUPE GABON BUSINESS INTERNATIONAL GGBI;6.687.605,00;Virement;Validé;BGFI LRC;;GROUPE GABON BUSINESS INTERNATIONAL GGBI;;VIR.EMIS  GROUPE GABON BUSINES
;04/06/2025;LE ROI DES CHANTIERS;GROUPE GABON BUSINESS INTERNATIONAL GGBI;30.000.000,00;Virement;Validé;BGFI LRC;;GROUPE GABON BUSINESS INTERNATIONAL GGBI;;VIR.EMIS  GROUPE GABON BUSINES
;05/06/2025;LE ROI DES CHANTIERS;CREDIT BAIL AFG;10.991.629,00;Opération bancaire;Validé;AFG LRC;;CREDIT BAIL AFG;;REGULARISATION  REGULARISATION  SUR LOYER IMPAYE DU 30/05/2025
;05/06/2025;LE ROI DES CHANTIERS;GIPA GABONAISE D'IMPRIMERIE ET DE PAPETERIE SA;1.444.000,00;Chèque;Validé;AFG LRC;;GIPA GABONAISE D'IMPRIMERIE ET DE PAPETERIE SA;;REMISE DE CHEQUE INTRA  Num  cheq: 0000566
;05/06/2025;LE ROI DES CHANTIERS;CREDIT BAIL AFG;63.795.630,00;Opération bancaire;Validé;AFG LRC;;CREDIT BAIL AFG;;REGULARISATION  REGULARISATION  SUR LOYER IMPAYE DU 30/05/2025
;10/06/2025;LE ROI DES CHANTIERS;SOGEM TP;253.601.804,00;Virement;Validé;BGFI LRC;;SOGEM TP;;VIR.EMIS  SOGEM TP
;11/06/2025;LE ROI DES CHANTIERS;SOLUGEO;3.514.800,00;Chèque;Validé;AFG LRC;;SOLUGEO;;CHEQUE RECUS  Num cheq: 0000582
;12/06/2025;LE ROI DES CHANTIERS;GARAGE SERVICES PRO;10.900.000,00;Chèque;Validé;ORABANK LRC;;GARAGE SERVICES PRO;;Chq ORABANK No. 5296131 Benef: GARAGE SERVICES-PRO
;12/06/2025;LE ROI DES CHANTIERS;SSPG;3.435.825,00;Chèque;Validé;AFG LRC;;SSPG;;CHEQUE RECUS  Num cheq: 0000392
;16/06/2025;LE ROI DES CHANTIERS;SARL AMIRA TRADING;14.000.000,00;Cash;Validé;CASH LE ROI DES CHANTIERS;;SARL AMIRA TRADING;;AVANCE ESPECE SUR FACTURE SARL AMIRA TRADING // SARL AMIRA TRADING/ M AHOUANGASSI COMI PODAR
;17/06/2025;LE ROI DES CHANTIERS;BATIPLUS;50.000.000,00;Chèque;Validé;AFG LRC;;BATIPLUS;;CHEQUE NUMERO  Num cheq: 0000796
;17/06/2025;LE ROI DES CHANTIERS;LA CENTRALE DES MATERIAUX;49.118.067,00;Chèque;Validé;AFG LRC;;LA CENTRALE DES MATERIAUX;;CHEQUE RECUS  Num cheq: 0000451
;17/06/2025;LE ROI DES CHANTIERS;KUA AUTO;15.500.000,00;Cash;Validé;CASH LE ROI DES CHANTIERS;;KUA AUTO;;REGLEMENT ESPECE DE FACTURE /RETOUR CHEQUE IMPAYE // KUA AUTO/ KOSTA ULRICH MODESTE
;17/06/2025;LE ROI DES CHANTIERS;Toilettes Express BTP;23.500.000,00;Cash;Validé;CASH LE ROI DES CHANTIERS;;Toilettes Express BTP;;AVANCE ESPECE POUR RETOUR DE CHEQUE IMPAYE // TOILETTES EXPRESS BTP/AKOULOU EYELOKO CLAUDE AUGE
;18/06/2025;LE ROI DES CHANTIERS;GARAGE SERVICES PRO;4.700.000,00;Chèque;Validé;ORABANK LRC;;GARAGE SERVICES PRO;;5296178 Ret cheq N° 5296178 du 18/06/2025 MR SAMAKE N'FALY
;18/06/2025;LE ROI DES CHANTIERS;GABON TECH;6.000.000,00;Chèque;Validé;ORABANK LRC;;GABON TECH;;CHQ no. 5296176 Banque: UBA GABON
;18/06/2025;LE ROI DES CHANTIERS;GABON MECA;812.766,00;Chèque;Validé;ORABANK LRC;;GABON MECA;;CHQ no. 5296180 Banque: UGB GABON MECA
;18/06/2025;LE ROI DES CHANTIERS;BATIPLUS;-50.000.000,00;Chèque;Validé;AFG LRC;;BATIPLUS;;VIREMENT  RETOUR DE FONDS  CHEQUE N°0000796
;18/06/2025;LE ROI DES CHANTIERS;ANDACHINA CONSTRUCCIONES;300.000.000,00;Virement;Validé;AFG LRC;;ANDACHINA CONSTRUCCIONES;;VIREMENT   O/ 1/LE ROI DES  CHANTIERS F/ ANDACHINA /INV/REG  FACTURE -  -  -  - ANDACHINA
;18/06/2025;LE ROI DES CHANTIERS;SARL AMIRA TRADING;25.000.000,00;Cash;Validé;CASH LE ROI DES CHANTIERS;;SARL AMIRA TRADING;;AVANCE ACHAT BETON NON LIVRE AMIRA TRADING SARL // M COMI AHOUANGOSSI COMI PODAR
;19/06/2025;LE ROI DES CHANTIERS;BERNABE GABON SA;2.245.000,00;Cash;Validé;CASH LE ROI DES CHANTIERS;;BERNABE GABON SA;;ACHAT DALLE FIBRE ACOUSTIQUE CHEZ BERNABE POUR LE CHANTIER D'AVORBAM // MME SERGINE 
;20/06/2025;LE ROI DES CHANTIERS;SELECT;2.525.000,00;Chèque;Validé;ORABANK LRC;;SELECT;;CHQ no. 5296179 Banque: UBA GABON
;27/06/2025;LE ROI DES CHANTIERS;JAD BETON;1.999.200,00;Chèque;Validé;BGFI LRC;;JAD BETON;;CHEQUE8878884
;30/06/2025;LE ROI DES CHANTIERS;BERNABE GABON SA;50.000.000,00;Traite;Validé;AFG LRC;;BERNABE GABON SA;;EFFETS A L'ENCAISSEMENT- REGLEMENT
;30/06/2025;LE ROI DES CHANTIERS;TRACTAFRIC EQUIPMENT GABON;35.845.556,00;Traite;Validé;AFG LRC;;TRACTAFRIC EQUIPMENT GABON;;EFFETS A L'ENCAISSEMENT- REGLEMENT
;30/06/2025;LE ROI DES CHANTIERS;GABOIL;150.000.000,00;Virement;Validé;AFG LRC;;GABOIL;;TRANSFERT COMPTE A COMPTE O/  LE ROI DES CHANTIERS F/ GAB OIL -  O/LE ROI DES CHANTIERS F/ GAB  OIL/RGLMT FACTURES
;03/07/2025;LE ROI DES CHANTIERS;KUA AUTO;50.000.000,00;Chèque;Validé;AFG LRC;;KUA AUTO;;VIREMENT  REGLEMENT CHEQUE N  0000457
;03/07/2025;LE ROI DES CHANTIERS;Hôtel L'Orchidée;60.000.000,00;Virement;Validé;AFG LRC;;Hôtel L'Orchidée;;VIREMENT EMIS    O/ LE ROI DES  CHANTIERS F/ HOTEL L'ORCHIDEE  O/LE ROI DES CHANTIERS F/HOTEL  L'ORCHIDEE/RGLMT FACTURES
;04/07/2025;LE ROI DES CHANTIERS;TRACTAFRIC EQUIPMENT GABON;56.672.758,00;Traite;Validé;AFG LRC;;TRACTAFRIC EQUIPMENT GABON;;EFFETS A L'ENCAISSEMENT- REGLEMENT
;07/07/2025;LE ROI DES CHANTIERS;GABONAISE DE BOIS & NEGOCE;33.250.000,00;Chèque;Validé;AFG LRC;;GABONAISE DE BOIS & NEGOCE;;CHEQUE RECUS  Num cheq: 0000492
;08/07/2025;LE ROI DES CHANTIERS;DIESEL GABON SA;3.648.034,00;Chèque;Validé;AFG LRC;;DIESEL GABON SA;;CHEQUE RECUS  Num cheq: 0000487
;09/07/2025;LE ROI DES CHANTIERS;MAUVILAC INDUSTRIES AFRICA GABON;1.134.842,00;Chèque;Validé;AFG LRC;;MAUVILAC INDUSTRIES AFRICA GABON;;CHEQUE RECUS  Num cheq: 0000493
;10/07/2025;LE ROI DES CHANTIERS;KORUM;15.000.000,00;Cash;Validé;CASH LE ROI DES CHANTIERS;;KORUM;;REGLEMENT FACTURE POUR FOURNITURE T -SHIRT / IMPRESSION BACHE/DRAPELETS PERSONALISES // KORUM/BOUKENE NWIN ERICKQ FRANKY
;11/07/2025;LE ROI DES CHANTIERS;SARL AMIRA TRADING;25.000.000,00;Cash;Validé;CASH LE ROI DES CHANTIERS;;SARL AMIRA TRADING;;REGLEMENT ESPECE AMIRA TRADING/2 EME TRANCHE /RETOUR CHEQUE IMPAYE // AMIRA TRADING/ M COMI PODAR
;11/07/2025;LE ROI DES CHANTIERS;BAMBA RASSOUL;1.100.000,00;Cash;Validé;CASH LE ROI DES CHANTIERS;;BAMBA RASSOUL;;POSE APPAREILLAGE ELETRICITE AU TRESOR ET VILLAGE DU TRESOR MALINGA/ APPAREILLAGE DE LA MAISON DU TRESOR MALINGA // BAMBA RASSOUL SANITAIRES SERVICES/ M MBAYE
;11/07/2025;LE ROI DES CHANTIERS;BAMBA RASSOUL;1.300.000,00;Cash;Validé;CASH LE ROI DES CHANTIERS;;BAMBA RASSOUL;;AVANCE DE 50% POUR FABRICATION ET POSE ALUMINIUM BLANC VITRE FUMEE PORTE COULISSANTE AVC FENETRE AVC MOUSTIQUAIRE / CHANTIER MALINGA // BAMBA RASSOUL SANITAIRES SERVICES/ M MBAYE
;12/07/2025;LE ROI DES CHANTIERS;LA CENTRALE DES MATERIAUX;10.000.000,00;Cash;Validé;CASH LE ROI DES CHANTIERS;;LA CENTRALE DES MATERIAUX;;AVANCE SUR FACTURE POUR ACHAT DE MATERIEL/ CHANTIER OYEM // LA CENTRALE DES MATERIAUX/ M BALMOUNGARE CHARLES
;12/07/2025;LE ROI DES CHANTIERS;COBEN GABON;20.000.000,00;Cash;Validé;CASH LE ROI DES CHANTIERS;;COBEN GABON;;REGLEMENT PARTIEL DE FACTURE COBEN/TSAKO/ACCORD PDG AGANO // COBEN /TSAKO/ M NGORA BEN ERIC
;14/07/2025;LE ROI DES CHANTIERS;SOLUGEO;4.272.000,00;Chèque;Validé;AFG LRC;;SOLUGEO;;DEBIT DIVERS  REGLEMENT CHEQUE  NR000478 DU 10/07/25.
;14/07/2025;LE ROI DES CHANTIERS;SOLUGEO;4.544.700,00;Chèque;Validé;AFG LRC;;SOLUGEO;;DEBIT DIVERS  REGLEMENT CHEQUE  N°0000477 DU 10 07 25.
;15/07/2025;LE ROI DES CHANTIERS;CREDIT BAIL AFG;63.795.630,00;Opération bancaire;Validé;AFG LRC;;CREDIT BAIL AFG;;REGULARISATION  REGULARISATION  SUR LOYER IMPAYE DU 30/06/2025
;15/07/2025;LE ROI DES CHANTIERS;CREDIT BAIL AFG;10.991.629,00;Opération bancaire;Validé;AFG LRC;;CREDIT BAIL AFG;;REGULARISATION  REGULARISATION  SUR LOYER IMPAYE DU 30/06/2025
;15/07/2025;LE ROI DES CHANTIERS;GABON AUTOSUR;1.601.500,00;Chèque;Validé;AFG LRC;;GABON AUTOSUR;;CHEQUE RECUS  Num cheq: 0000486
;16/07/2025;LE ROI DES CHANTIERS;MAUVILAC INDUSTRIES AFRICA GABON;47.106.766,00;Chèque;Validé;AFG LRC;;MAUVILAC INDUSTRIES AFRICA GABON;;CHEQUE RECUS  Num cheq: 0000494
;16/07/2025;LE ROI DES CHANTIERS;MAUVILAC INDUSTRIES AFRICA GABON;11.945.698,00;Chèque;Validé;AFG LRC;;MAUVILAC INDUSTRIES AFRICA GABON;;CHEQUE RECUS  Num cheq: 0000495
;19/07/2025;LE ROI DES CHANTIERS;COBEN GABON;30.000.000,00;Cash;Validé;CASH LE ROI DES CHANTIERS;;COBEN GABON;;AVANCE POUR DEMARRAGE DES TRAVAUX DE CONSTRUCTION ROUTE EN BETON  // COBEN GABON/NGORA ERIC
;21/07/2025;LE ROI DES CHANTIERS;LV EQUIPEMENT SERVICE;20.600,00;Cash;Validé;CASH LE ROI DES CHANTIERS;;LV EQUIPEMENT SERVICE;;FRAIS DE TRANSPORT POUR REGLEMENT FACTURE CHEZ LV EQUIPEMENT // M MOMBO
;21/07/2025;LE ROI DES CHANTIERS;LV EQUIPEMENT SERVICE;3.790.000,00;Cash;Validé;CASH LE ROI DES CHANTIERS;;LV EQUIPEMENT SERVICE;;REGLEMENT FACTURE LV EQUIPEMENT POUR ACHAT DE FILTRES ET HUILES MOTEUR POUR MOUILA // LV EQUIPEMENT/ SERVICE TRESORERIE
;21/07/2025;LE ROI DES CHANTIERS;CFAO Comptoir Francais De L'Afrique Occidentale;953.521,00;Cash;Validé;CASH LE ROI DES CHANTIERS;;CFAO Comptoir Francais De L'Afrique Occidentale;;ACHAT FILTRE A HUILE, FILTRE A GASOIL, FILTRE DECANTEUR , FILTRE A 2 GO MICON // CFAO/ SERVICE TRESORERIE
;21/07/2025;LE ROI DES CHANTIERS;CABINET JURIS-CONSULT & PARTNERS;5.000.000,00;Cash;Validé;CASH LE ROI DES CHANTIERS;;CABINET JURIS-CONSULT & PARTNERS;;REGLEMENT NOTE D'HONORAIRES CABINET JURIST -CONSULT ET PARTNERS // M EYI OBAME ALOYSE
;22/07/2025;LE ROI DES CHANTIERS;SSPG;12.576.675,00;Virement;Validé;ORABANK LRC;;SSPG;;Virmt fav. S.S.P.G RGLT FACT
;22/07/2025;LE ROI DES CHANTIERS;GABON TELECOM;25.815.416,00;Virement;Validé;ORABANK LRC;;GABON TELECOM;;Vir fav: GABON TELECOM Banque: BGFI Bank Gabon RGT FACT GABON TELECOM/BGFI
;22/07/2025;LE ROI DES CHANTIERS;LIBREMAT SARL;39.000.000,00;Chèque;Validé;AFG LRC;;LIBREMAT SARL;;CHEQUE NUMERO  Num cheq: 0000789
;22/07/2025;LE ROI DES CHANTIERS;LV EQUIPEMENT SERVICE;50.000.000,00;Cash;Validé;CASH LE ROI DES CHANTIERS;;LV EQUIPEMENT SERVICE;;AVANCE POUR ACHAT PELLE CHEZ LV EQUIPEMENT SERVICE // LV EQUIPEMENT SERVICE/ XU XUEHU
;23/07/2025;LE ROI DES CHANTIERS;LV EQUIPEMENT SERVICE;1.000.000.000,00;Virement;Validé;AFG LRC;;LV EQUIPEMENT SERVICE;;TRANSFERT COMPTE A COMPTE O/ LE  ROI DES CHANTIERS F/ LV  EQUIPEMENT SERVICE - RGT FACTS
;23/07/2025;LE ROI DES CHANTIERS;KUA AUTO;15.000.000,00;Cash;Validé;CASH LE ROI DES CHANTIERS;;KUA AUTO;;REGLEMENT FACTURE KUA AUTO / RETOUR CHEQUE IMPAYE // KUA AUTO/ M KOSTA ULRICH ALEXIS
;24/07/2025;LE ROI DES CHANTIERS;LOUETSI SERVICES;40.000.000,00;Chèque;Validé;ECOBANK;;LOUETSI SERVICES;;REF : T01RAFC252050013 // DEBIT DIRECT //  // RGL FACT LE ROI DES CHANTIERS FAV LOUETSI SERVICES
;24/07/2025;LE ROI DES CHANTIERS;EASYTECH AFRICA;4.637.999,00;Chèque;Validé;ECOBANK;;EASYTECH AFRICA;;REF : T01RAFC252050014 // DEBIT DIRECT //  // RGL FACT LE ROI DES CHANTIERS FAV EASYTECH AFRICA
;24/07/2025;LE ROI DES CHANTIERS;DMT SECURITY and SERVICES;4.855.200,00;Chèque;Validé;ECOBANK;;DMT SECURITY and SERVICES;;REF : T01RAFC252050015 // DEBIT DIRECT //  // RGL FACT LE ROI DES CHANTIERS FAV DMT
;24/07/2025;LE ROI DES CHANTIERS;LES MATERIAUX REUNIS SA;6.098.750,00;Chèque;Validé;ECOBANK;;LES MATERIAUX REUNIS SA;;REF : T01RAFC252050016 // DEBIT DIRECT //  // RGL FACT LE ROI DES CHANTIERS FAV LES MATERIAUX REUWIS
;24/07/2025;LE ROI DES CHANTIERS;BS GABON;3.989.168,00;Chèque;Validé;ECOBANK;;BS GABON;;REF : T01RAFC252050017 // DEBIT DIRECT //  // RGL FACT LE ROI DES CHANTIERS FAV BS GABON
;24/07/2025;LE ROI DES CHANTIERS;BLUEBERRY VOYAGE SERVICES;9.912.500,00;Chèque;Validé;ECOBANK;;BLUEBERRY VOYAGE SERVICES;;REF : T01RAFC252050018 // DEBIT DIRECT //  // RGL FACT LE ROI DES CHANTIERS FAV BLEU BERRY VOYAGE SERVICES
;24/07/2025;LE ROI DES CHANTIERS;ELITE PROTECTION SECURITE;13.185.000,00;Chèque;Validé;ECOBANK;;ELITE PROTECTION SECURITE;;REF : T01RAFC252050019 // DEBIT DIRECT //  // RGL FACT LE ROI DES CHANTIERS FAV ELITE PROTECTION SECUTITE
;24/07/2025;LE ROI DES CHANTIERS;ASTRAL;7.807.454,00;Chèque;Validé;ECOBANK;;ASTRAL;;REF : T01RAFC252050020 // DEBIT DIRECT //  // RGL FACT LE ROI DES CHANTIERS FAV ASTRAL
;24/07/2025;LE ROI DES CHANTIERS;OPTIMUM BTP;40.000.000,00;Chèque;Validé;ECOBANK;;OPTIMUM BTP;;REF : T01RAFC252050021 // DEBIT DIRECT //  // RGL FACT LE ROI DES CHANTIERS FAV OPTIMUM BTP
;24/07/2025;LE ROI DES CHANTIERS;ECG BTP CONSTRUCTION;42.000.000,00;Chèque;Validé;ECOBANK;;ECG BTP CONSTRUCTION;;REF : T01RAFC252050022 // DEBIT DIRECT //  // RGL FACT LE ROI DES CHANTIERS FAVECG CONSTRUCTIONS
;24/07/2025;LE ROI DES CHANTIERS;COBEN GABON;50.000.000,00;Chèque;Validé;ECOBANK;;COBEN GABON;;REF : T01RAFC252050023 // DEBIT DIRECT //  // RGL FACT LE ROI DES CHANTIERS FAV COBEV
;24/07/2025;LE ROI DES CHANTIERS;ETABLISSEMENTS NZE;40.000.000,00;Chèque;Validé;ECOBANK;;ETABLISSEMENTS NZE;;REF : T01RAFC252050024 // DEBIT DIRECT //  // RGL FACT LE ROI DES CHANTIERS FAV ETABLISEEMENT NZE
;24/07/2025;LE ROI DES CHANTIERS;Toilettes Express BTP;30.000.000,00;Chèque;Validé;ECOBANK;;Toilettes Express BTP;;REF : T01M317252050011 // DEBIT DIRECT //  // VRT LE ROI DES CHANTIERS FAV TOILETTES EXPRESS
;24/07/2025;LE ROI DES CHANTIERS;STRAIGHTLINE DETAILING;2.685.000,00;Chèque;Validé;AFG LRC;;STRAIGHTLINE DETAILING;;CHEQUE RECUS  Num cheq: 0000325
;25/07/2025;LE ROI DES CHANTIERS;LEME-CONSTRUCTION;30.000.000,00;Chèque;Validé;ORABANK LRC;;LEME-CONSTRUCTION;;5296133 Ret cheq N° 5296133 du 25/07/2025 MR FAYE MAMADOU
;25/07/2025;LE ROI DES CHANTIERS;OUSSEYNOU CONSTRUCTION;37.677.736,00;Chèque;Validé;ORABANK LRC;;OUSSEYNOU CONSTRUCTION;;5296134 Ret cheq N° 5296134 du 25/07/2025 MBENGUE OUSSEYNOU
;25/07/2025;LE ROI DES CHANTIERS;CFAO Comptoir Francais De L'Afrique Occidentale;8.109.423,00;Chèque;Validé;AFG LRC;;CFAO Comptoir Francais De L'Afrique Occidentale;;CHEQUE RECUS  Num cheq: 0000326
;25/07/2025;LE ROI DES CHANTIERS;CIMAF;48.600.000,00;Cash;Validé;CASH LE ROI DES CHANTIERS;;CIMAF;;DEPOT SUR COMPTE CIMAF POUR ACHAT DE 600 T DE CIMENT  // CIMAF/SERVICE TRESORERIE
;28/07/2025;LE ROI DES CHANTIERS;AXA ASSURANCES GABON;21.392.578,00;Chèque;Validé;ECOBANK;;AXA ASSURANCES GABON;;REF : T01RAGP252090043 // DEBIT DIRECT //  // RGL FACT LE ROI DES CHANTIERS FAV AXA GABON
;28/07/2025;LE ROI DES CHANTIERS;DIESEL GABON SA;11.367.792,00;Chèque;Validé;ORABANK LRC;;DIESEL GABON SA;;Paiement chèq. ORABK No. 5296130 faveur : DIESEL GABON
;28/07/2025;LE ROI DES CHANTIERS;IPES;16.971.807,00;Chèque;Validé;ORABANK LRC;;IPES;;Paiement chèq. ORABK No. 5296132 faveur : IMPORT PIECES ET SERVICES
;28/07/2025;LE ROI DES CHANTIERS;YUTONG;10.000.000,00;Chèque;Validé;AFG LRC;;YUTONG;;CHEQUE RECUS  Num cheq: 0000324
;28/07/2025;LE ROI DES CHANTIERS;CABINET JURIS-CONSULT & PARTNERS;20.000.000,00;Chèque;Validé;AFG LRC;;CABINET JURIS-CONSULT & PARTNERS;;CHEQUE RECUS  Num cheq: 0000340
;28/07/2025;LE ROI DES CHANTIERS;GABOIL;63.000.000,00;Chèque;Validé;AFG LRC;;GABOIL;;CHEQUE RECUS  Num cheq: 0000320
;28/07/2025;LE ROI DES CHANTIERS;GABOIL;63.000.000,00;Chèque;Validé;AFG LRC;;GABOIL;;CHEQUE RECUS  Num cheq: 0000321
;28/07/2025;LE ROI DES CHANTIERS;LV EQUIPEMENT SERVICE;380.000,00;Cash;Validé;CASH LE ROI DES CHANTIERS;;LV EQUIPEMENT SERVICE;;ACHAT DE 10 COURROIES DE VENTILATEUR ET 10 COURROIES DE GENERATEUR CHEZ LV EQUIPEMENT  // LV EQUIPEMENT /M DARREL
;28/07/2025;LE ROI DES CHANTIERS;LV EQUIPEMENT SERVICE;50.000.000,00;Cash;Validé;CASH LE ROI DES CHANTIERS;;LV EQUIPEMENT SERVICE;;REGLEMENT RELIQUAT FACTURE POUR ACHAT PELLE // LV EQUIPEMENT SERVICE
;29/07/2025;LE ROI DES CHANTIERS;CISSOKO ALFOUSSEYNI;1.969.000,00;Chèque;Validé;ORABANK LRC;;CISSOKO ALFOUSSEYNI;;5296136 Ret cheq No. 5296136 du 29/07/2025
;29/07/2025;LE ROI DES CHANTIERS;AUTO DESIGN BARAKA;50.000.000,00;Cash;Validé;CASH LE ROI DES CHANTIERS;;AUTO DESIGN BARAKA;;REGLEMENT FACTURE / ACCORD PDG AGANO // AUTO DESIGN/ M KAHIL HASSAN ALOGO IMAD
;30/07/2025;LE ROI DES CHANTIERS;GROUPE GABON BUSINESS INTERNATIONAL GGBI;19.761.835,00;Chèque;Validé;ECOBANK;;GROUPE GABON BUSINESS INTERNATIONAL GGBI;;REF : T01M342252110001 // DEBIT DIRECT //  // VRT LE ROI DES CHANTIERS FAV GGBI RGT FACT 732 745 744 696
;30/07/2025;LE ROI DES CHANTIERS;ISTORE;22.269.000,00;Chèque;Validé;ECOBANK;;ISTORE;;REF : T01RWGK252110005 // DEBIT DIRECT //  // RGL FACT LE ROI DES CHANTIERS FAV ISTORE
;30/07/2025;LE ROI DES CHANTIERS;BF MOHRI;30.737.226,00;Chèque;Validé;ECOBANK;;BF MOHRI;;REF : T01RWGK252110007 // DEBIT DIRECT //  // RGL FACT LE ROI DES CHANTIERS FAV BF MOHRI
;30/07/2025;LE ROI DES CHANTIERS;GEOFOND;20.638.979,00;Chèque;Validé;ECOBANK;;GEOFOND;;REF : T01RWGK252110009 // DEBIT DIRECT //  // RGL FACT LE ROI DES CHANTIERS FAV GEOFOND
;30/07/2025;LE ROI DES CHANTIERS;COTEXA SAS;20.000.000,00;Chèque;Validé;ECOBANK;;COTEXA SAS;;REF : T01RWGK252110011 // DEBIT DIRECT //  // RGL FACT LE ROI DES CHANTIERS FAV COTEXA
;30/07/2025;LE ROI DES CHANTIERS;ACINS;50.000.000,00;Chèque;Validé;ECOBANK;;ACINS;;REF : T01RWGK252110013 // DEBIT DIRECT //  // RGL FACT LE ROI DES CHANTIERS FAV ACINS
;30/07/2025;LE ROI DES CHANTIERS;EASYTECH AFRICA;12.055.261,00;Chèque;Validé;ECOBANK;;EASYTECH AFRICA;;REF : T01M346252110010 // DEBIT DIRECT //  // VRT LE ROI DES CHANTIERS FAV EASYTECH AFRICA
;30/07/2025;LE ROI DES CHANTIERS;African Women Entrepreneurship Program;8.000.000,00;Chèque;Validé;ORABANK LRC;;African Women Entrepreneurship Program;;5296137 Ret cheq N° 5296137 du 30/07/2025 MME TAMARAH MOUTOTEKEMA BOUSSAMBA
;30/07/2025;LE ROI DES CHANTIERS;TRACTAFRIC EQUIPMENT GABON;56.672.758,00;Traite;Validé;AFG LRC;;TRACTAFRIC EQUIPMENT GABON;;EFFETS A L'ENCAISSEMENT- REGLEMENT
;30/07/2025;LE ROI DES CHANTIERS;TRACTAFRIC EQUIPMENT GABON;35.845.556,00;Traite;Validé;AFG LRC;;TRACTAFRIC EQUIPMENT GABON;;EFFETS A L'ENCAISSEMENT- REGLEMENT
;30/07/2025;LE ROI DES CHANTIERS;BERNABE GABON SA;50.000.000,00;Traite;Validé;AFG LRC;;BERNABE GABON SA;;EFFETS A L'ENCAISSEMENT- REGLEMENT
;30/07/2025;LE ROI DES CHANTIERS;SOGEM TP;70.000.000,00;Virement;Validé;BGFI LRC;;SOGEM TP;;PAIEMENT AVAL/TRAITE   926927
;30/07/2025;LE ROI DES CHANTIERS;LEME-CONSTRUCTION;10.000.000,00;Cash;Validé;CASH LE ROI DES CHANTIERS;;LEME-CONSTRUCTION;;AVANCE DE DEMARRAGE POUR CONSTRUCTION CENTRE MEDICAL MAKONGONIO // M FAYE MAMADOU /LEME CONSTRUCTIONS 
;30/07/2025;LE ROI DES CHANTIERS;LV EQUIPEMENT SERVICE;47.600,00;Cash;Validé;CASH LE ROI DES CHANTIERS;;LV EQUIPEMENT SERVICE;;ACHAT DE 04 POIGNEES DE PORTIERES  // LV EQUIPEMENT / MME IRIS
;31/07/2025;LE ROI DES CHANTIERS;SOLUGEO;-4.272.000,00;Chèque;Validé;AFG LRC;;SOLUGEO;;VIREMENT  REJET REGLEMENTAIRE  CHEQUE ORABANK  N 0000478 DU  14/07/25
;31/07/2025;LE ROI DES CHANTIERS;SOLUGEO;-4.544.700,00;Chèque;Validé;AFG LRC;;SOLUGEO;;VIREMENT  REJET REGLEMENTAIRE  CHEQUE  N°0000477 14/07/2025
;31/07/2025;LE ROI DES CHANTIERS;BAMBA RASSOUL;20.000.000,00;Cash;Validé;CASH LE ROI DES CHANTIERS;;BAMBA RASSOUL;;3 EME AVANCE POUR LE CHANTIER MALINGA (TRESOR ET VILLA TRESOR ) // BAMBA RASSOUL SANITAIRES/ MBAYE EL HADJI 
;01/08/2025;LE ROI DES CHANTIERS;EFTC - ENTREPRISE FAMILLE TEMBEKA CONSTRUCTION;20.000.000,00;Cash;Validé;CASH LE ROI DES CHANTIERS;;EFTC - ENTREPRISE FAMILLE TEMBEKA CONSTRUCTION;;AVANCE POUR REALISATION DES TOITURES DES BATIMENTS STRUCTURES METALLIQUES STATION GAB OIL ASSOK NGOMO- MAKOKOU-MINVOUL-MAKONGONIO-NKUM YENGUI // EFTC/ M TEMBEKA ROMEO CHARLI
;01/08/2025;LE ROI DES CHANTIERS;LV EQUIPEMENT SERVICE;20.000.000,00;Cash;Validé;CASH LE ROI DES CHANTIERS;;LV EQUIPEMENT SERVICE;;AVANCE POUR ACHAT DE 100 PNEUS CHEZ LV EQUIPEMENT // LV EQUIPEMENT / CAO ZHIHONG
;02/08/2025;LE ROI DES CHANTIERS;LV EQUIPEMENT SERVICE;30.000.000,00;Cash;Validé;CASH LE ROI DES CHANTIERS;;LV EQUIPEMENT SERVICE;;ACHAT DE 02 CHARIOTS ELEVATEURS // LV EQUIPEMENT SERVICE
;04/08/2025;LE ROI DES CHANTIERS;Construction Nouvelle Horizon;23.250.000,00;Chèque;Validé;ORABANK LRC;;Construction Nouvelle Horizon;;5296181 Ret cheq No. 5296181 du 04/08/2025
;06/08/2025;LE ROI DES CHANTIERS;SCI NADIA;5.850.000,00;Chèque;Validé;ECOBANK;;SCI NADIA;;REF : T01RWJD252180001 // DEBIT DIRECT //  // RGL FACT LE ROI DES CHANTIERS FAV SCI NADIA
;06/08/2025;LE ROI DES CHANTIERS;LV EQUIPEMENT SERVICE;35.000.000,00;Cash;Validé;CASH LE ROI DES CHANTIERS;;LV EQUIPEMENT SERVICE;;REGLEMENT FACTURE(PNEUS, CHARIOT ELEVATEUR, BANDAGE, PLAFONIER, BATTERIE) // LV EQUIPEMENT SERVICE
;07/08/2025;LE ROI DES CHANTIERS;ACCEGS;7.192.000,00;Cash;Validé;CASH LE ROI DES CHANTIERS;;ACCEGS;;AVANCE POUR RETOUR CHEQUE IMPAYE / ACCGS SECURITE MOUILA / ACCORD PDG  // ACCEGS/ M MBADINGA OLIVIER
;07/08/2025;LE ROI DES CHANTIERS;COBEN GABON;30.000.000,00;Cash;Validé;CASH LE ROI DES CHANTIERS;;COBEN GABON;;ACOMPTE SUR LA VOIRIE DE MEKAMBO / ACCORD PDG AGANO // M NGORA ERIC/  COBEN
;11/08/2025;LE ROI DES CHANTIERS;LV EQUIPEMENT SERVICE;15.000.000,00;Cash;Validé;CASH LE ROI DES CHANTIERS;;LV EQUIPEMENT SERVICE;;AVANCE POUR ACHAT PICK UP // LV EQUIPEMENT SERVICES/ XU ZHIHAO
;11/08/2025;LE ROI DES CHANTIERS;LV EQUIPEMENT SERVICE;5.247.000,00;Cash;Validé;CASH LE ROI DES CHANTIERS;;LV EQUIPEMENT SERVICE;;ACHAT 21 PNEUS DE CAMIONS  // LV EQUIPEMENT SERVICES/ XU ZHIHAO
;13/08/2025;LE ROI DES CHANTIERS;CIMAF;64.800.000,00;Cash;Validé;CASH LE ROI DES CHANTIERS;;CIMAF;;ACHAT DE 800 TONNES DE CIMENT POUR LES CHANTIERS  // MME SERGINE
;14/08/2025;LE ROI DES CHANTIERS;GRATRALH;6.750.000,00;Chèque;Validé;ORABANK LRC;;GRATRALH;;5296188 Ret cheq N° 5296188 du 14/08/2025 KABORE MOUSTAPHA
;14/08/2025;LE ROI DES CHANTIERS;SARL PRIMEDIA GABON;6.000.000,00;Chèque;Validé;ORABANK LRC;;SARL PRIMEDIA GABON;;CHQ no. 5296141 Banque: BGFI Bank Gabon PRIMEDIA GABON
;18/08/2025;LE ROI DES CHANTIERS;Centr'affaires;976.990,00;Chèque;Validé;ORABANK LRC;;Centr'affaires;;CHQ no. 5296187 Banque: UGB CENTR'AFFAIRES DISTRIBUTION S,
;18/08/2025;LE ROI DES CHANTIERS;GIPA GABONAISE D'IMPRIMERIE ET DE PAPETERIE SA;1.753.500,00;Chèque;Validé;ORABANK LRC;;GIPA GABONAISE D'IMPRIMERIE ET DE PAPETERIE SA;;CHQ no. 5296184 Banque: UGB GIPA
;18/08/2025;LE ROI DES CHANTIERS;MBOLO SAMBA;1.295.000,00;Chèque;Validé;ORABANK LRC;;MBOLO SAMBA;;Chq ORABANK No. 5296186 Benef: MBOLO SAMBA ELECTROMENAGERS NUMERO3
;19/08/2025;LE ROI DES CHANTIERS;SCI Celine;2.625.000,00;Chèque;Validé;ORABANK LRC;;SCI Celine;;CHQ no. 5296185 Banque: BGFI Bank Gabon BGFIBANK
;20/08/2025;LE ROI DES CHANTIERS;ASSOCIATION DES SABLIERS DE MOUILA;10.000.000,00;Cash;Validé;CASH LE ROI DES CHANTIERS;;ASSOCIATION DES SABLIERS DE MOUILA;;REGLEMENT PARTIEL DE FACTURE POUR LIVRAISON DE SABLE ROUGE // ASSOCIATION DES SABLIERS DE MOUILA/ M MOUELE NGOULOU JOEL
;21/08/2025;LE ROI DES CHANTIERS;SRBTP;30.000.000,00;Cash;Validé;CASH LE ROI DES CHANTIERS;;SRBTP;;DECAISSEMENT ACCORD PDG AGANO / REGLEMENT ACCORD / REGLEMENT SALAIRES  // OBAME NDONG FELIX/  SRBTP
;21/08/2025;LE ROI DES CHANTIERS;LV EQUIPEMENT SERVICE;221.000,00;Cash;Validé;CASH LE ROI DES CHANTIERS;;LV EQUIPEMENT SERVICE;;ACHAT DE 06 SANGLES CHEZ LV EQUIPEMENT POUR LE CAMION HIAB DES ROUES  // LV EQUIPEMENT SERVICE/XU ZHIHAO
;22/08/2025;LE ROI DES CHANTIERS;EFTC - ENTREPRISE FAMILLE TEMBEKA CONSTRUCTION;10.000.000,00;Cash;Validé;CASH LE ROI DES CHANTIERS;;EFTC - ENTREPRISE FAMILLE TEMBEKA CONSTRUCTION;;REGLEMENT PARTIEL DE FACTURE POUR POSE CHARPENTE METALLIQUE // M ROMEO TEMBEKA / EFTC
;23/08/2025;LE ROI DES CHANTIERS;LV EQUIPEMENT SERVICE;352.500,00;Cash;Validé;CASH LE ROI DES CHANTIERS;;LV EQUIPEMENT SERVICE;;VIDANGE COMPLETE DU LK 334 AA / ACHAT ET POSE PARBRISE SUR CAMION BENNE ACCIDENTE  // LV EQUIPEMENT SERVICE / XU XIZHAO
;27/08/2025;LE ROI DES CHANTIERS;LV EQUIPEMENT SERVICE;98.000,00;Cash;Validé;CASH LE ROI DES CHANTIERS;;LV EQUIPEMENT SERVICE;;ACHAT CYLINDRE D'EXTINCTION +PISTOLET A GRAISSE POUR GRAISSAGE CAMION FLOTTE LRC // LV EQUIPEMENT / XU XHIAO
;28/08/2025;LE ROI DES CHANTIERS;GABOIL;58.000.000,00;Chèque;Validé;AFG LRC;;GABOIL;;DEBIT DIVERS  REGULARISATION  ECRITURE DU 27 08 2025. PAIEMENT  CHEQUE NR 0000344. ORDRE LE ROI  DES CHANTIERS FAVEUR GABOIL.
;28/08/2025;LE ROI DES CHANTIERS;GABOIL;58.000.000,00;Chèque;Validé;AFG LRC;;GABOIL;;DEBIT DIVERS  REGULARISATION  ECRITURE DU 27 08 2025. PAIEMENT  CHEQUE NR 0000345. ORDRE LE ROI  DES CHANTIERS FAVEUR GABOIL.
;28/08/2025;LE ROI DES CHANTIERS;GABOIL;58.000.000,00;Chèque;Validé;AFG LRC;;GABOIL;;DEBIT DIVERS  REGULARISATION  ECRITURE DU 27 08 2025. PAIEMENT  CHEQUE NR 0000343. ORDRE LE ROI  DES CHANTIERS FAVEUR GABOIL.
;28/08/2025;LE ROI DES CHANTIERS;LV EQUIPEMENT SERVICE;257.500,00;Cash;Validé;CASH LE ROI DES CHANTIERS;;LV EQUIPEMENT SERVICE;;ACHAT DE 10 SANGLES POUR TRANSPORT DE CIMENT SUR MAKOKOU // LV EQUIPEMENT / XU XIXHAO
;29/08/2025;LE ROI DES CHANTIERS;JAD BETON;9.371.250,00;Virement;Validé;AFG LRC;;JAD BETON;;DEBIT DIVERS  PAIEMENT CHQ 0000395
;30/08/2025;LE ROI DES CHANTIERS;LEME-CONSTRUCTION;10.000.000,00;Cash;Validé;CASH LE ROI DES CHANTIERS;;LEME-CONSTRUCTION;;AVANCE DE DEMARRAGE DES TRAVAUX D'UNE VOIE DE 5 KM A NKUM // LEME CONSTRUCTION / FAYE MAMADOU
;01/09/2025;LE ROI DES CHANTIERS;TRACTAFRIC EQUIPMENT GABON;35.845.556,00;Traite;Validé;AFG LRC;;TRACTAFRIC EQUIPMENT GABON;;EFFETS A L'ENCAISSEMENT- REGLEMENT
;01/09/2025;LE ROI DES CHANTIERS;OGAR ASSURANCES;40.000.000,00;Virement;Validé;AFG LRC;;OGAR ASSURANCES;;VIREMENT  PAIEMENT CH N 0000217
;01/09/2025;LE ROI DES CHANTIERS;LV EQUIPEMENT SERVICE;16.200,00;Cash;Validé;CASH LE ROI DES CHANTIERS;;LV EQUIPEMENT SERVICE;;ACHAT RELAIS ET FEUX ARRIERE JAUNE DU LKE 393 AA // LV EQUIPEMENT / XU XHIXAO
;02/09/2025;LE ROI DES CHANTIERS;ACCEGS;7.192.000,00;Chèque;Validé;AFG LRC;;ACCEGS;;REMISE DE CHEQUE INTRA  Num cheq:  0000342
;03/09/2025;LE ROI DES CHANTIERS;SELECT;1.535.200,00;Chèque;Validé;ORABANK LRC;;SELECT;;CHQ no. 5296142 Banque: UBA GABON
;03/09/2025;LE ROI DES CHANTIERS;CIMAF;80.999.980,00;Traite;Validé;AFG LRC;;CIMAF;;EFFETS A L'ENCAISSEMENT- REGLEMENT
;03/09/2025;LE ROI DES CHANTIERS;SOGEM TP;15.389.080,00;Chèque;Validé;AFG LRC;;SOGEM TP;;CHEQUE RECUS  Num cheq: 0000210
;04/09/2025;LE ROI DES CHANTIERS;TOYOTA GABON;648.388,00;Chèque;Validé;AFG LRC;;TOYOTA GABON;;REMISE DE CHEQUE INTRA  Num cheq:  0000209
;04/09/2025;LE ROI DES CHANTIERS;LV EQUIPEMENT SERVICE;9.522.380,00;Cash;Validé;CASH LE ROI DES CHANTIERS;;LV EQUIPEMENT SERVICE;;ACHAT PNEUS ET MATERIEL DE REPARATION DES CAMIONS  // LV EQUIPEMENT SERVICE/ MME SERGINE
;05/09/2025;LE ROI DES CHANTIERS;BROSSETTE NETTOYAGE;2.721.000,00;Chèque;Validé;AFG LRC;;BROSSETTE NETTOYAGE;;CHEQUE RECUS  Num cheq: 0000220
;05/09/2025;LE ROI DES CHANTIERS;CREDIT BAIL AFG;149.574.518,00;Opération bancaire;Validé;AFG LRC;;CREDIT BAIL AFG;;VIREMENT  REGULARISATION IMPAYES LEASING
;05/09/2025;LE ROI DES CHANTIERS;TRACTAFRIC EQUIPMENT GABON;78.540.000,00;Chèque;Validé;AFG LRC;;TRACTAFRIC EQUIPMENT GABON;;CHEQUE NUMERO  Num cheq: 0000450
;05/09/2025;LE ROI DES CHANTIERS;LIBREMAT SARL;35.000.000,00;Chèque;Validé;AFG LRC;;LIBREMAT SARL;;CHEQUE NUMERO  Num cheq: 0000218
;05/09/2025;LE ROI DES CHANTIERS;ASSOCIATION DES SABLIERS DE MOUILA;10.000.000,00;Cash;Validé;CASH LE ROI DES CHANTIERS;;ASSOCIATION DES SABLIERS DE MOUILA;;REGLEMENT ACOMPTE FACTURE DES SABLIERS DE MOUILA // ASSOCIATION LES SABLIERS DE MOUILA/ M MOUELE NGOULOU JUDICAEL
;06/09/2025;LE ROI DES CHANTIERS;OUSSEYNOU CONSTRUCTION;10.000.000,00;Cash;Validé;CASH LE ROI DES CHANTIERS;;OUSSEYNOU CONSTRUCTION;;5 EME AVANCE POUR LA CONSTRUCTION DU CENTRE DE SANTE DE MANDJI // OUSSEYNOU MBENGUE CONSTRUCTION 
;06/09/2025;LE ROI DES CHANTIERS;KORUM;16.000.000,00;Cash;Validé;CASH LE ROI DES CHANTIERS;;KORUM;;DECAISSEMENT ACCORD PDG AGANO // KORUM/ 
;08/09/2025;LE ROI DES CHANTIERS;GABON PLASTIQUE ALUMINIUM;14.450.000,00;Chèque;Validé;AFG LRC;;GABON PLASTIQUE ALUMINIUM;;CHEQUE RECUS  Num cheq: 0000341
;08/09/2025;LE ROI DES CHANTIERS;CIMAF;10.000.000,00;Cash;Validé;CASH LE ROI DES CHANTIERS;;CIMAF;;ACHAT CIMENT CHEZ CIMAF // MME STELINA
;08/09/2025;LE ROI DES CHANTIERS;MATELEC;9.777.750,00;Cash;Validé;CASH LE ROI DES CHANTIERS;;MATELEC;;ACHAT MATELEC // MME STELINA
;08/09/2025;LE ROI DES CHANTIERS;LEME-CONSTRUCTION;5.000.000,00;Cash;Validé;CASH LE ROI DES CHANTIERS;;LEME-CONSTRUCTION;;AVANCE POUR CONSTRUCTION DE 03 LOGEMENTS A OYEM  // M FAYE MAMADOU/ LEME CONSTRUCTION 
;09/09/2025;LE ROI DES CHANTIERS;MARSHALL GABON;-36.000.000,00;Chèque;Validé;AFG LRC;;MARSHALL GABON;;VIREMENT  REGULARISATION CHEQUE IMPAYE NR 0000390. ORDRE LES ROIS  DES CHANTIERS FAVEUR MARSHALL  GABON DU 13 06 2025.
;09/09/2025;LE ROI DES CHANTIERS;SOTRALGA;518.145,00;Chèque;Validé;AFG LRC;;SOTRALGA;;REMISE DE CHEQUE INTRA  Num cheq:  0000207
;10/09/2025;LE ROI DES CHANTIERS;HARIOM TRAVELS;30.000.000,00;Chèque;Validé;AFG LRC;;HARIOM TRAVELS;;CHEQUE RECUS  Num cheq: 0000240
;11/09/2025;LE ROI DES CHANTIERS;SOCIETE NGOUA SERVICES;11.834.793,00;Cash;Validé;CASH LE ROI DES CHANTIERS;;SOCIETE NGOUA SERVICES;;SOLDE FACTURE POUR ASSAINISSEMENT TROTTOIRS ET OUVRAGES DIVERS ET BETONNAGE DE LA VOIE DU SITE DE NKUM YENGUI  // SOCIETE NGOUA SERVICES/ M OWONO NDONG DESIREE
;11/09/2025;LE ROI DES CHANTIERS;ASSOCIATION DES SABLIERS DE MOUILA;10.615.000,00;Cash;Validé;CASH LE ROI DES CHANTIERS;;ASSOCIATION DES SABLIERS DE MOUILA;;REGLEMENT SOLDE FACTURE DES SABLIERS DE MOUILA // ASSOCIATION LES SABLIERS DE MOUILA/ M MOUELE NGOULOU
;11/09/2025;LE ROI DES CHANTIERS;LEME-CONSTRUCTION;20.000.000,00;Cash;Validé;CASH LE ROI DES CHANTIERS;;LEME-CONSTRUCTION;;REGLEMENT ACOMPTE POUR LES TRAVAUX DE LA VOIRIE DE NDENDE  // LEME CONSTRUCTION / M OLLOMO ZOUKOUE YONNEL
;11/09/2025;LE ROI DES CHANTIERS;Construction Nouvelle Horizon;20.000.000,00;Cash;Validé;CASH LE ROI DES CHANTIERS;;Construction Nouvelle Horizon;;ACOMPTE POUR LES TRAVAUX DE CONSTRUCTION DE LA STATION DE MAKOKOU  // CONSTRUCTION NOUVELLE HORIZON / M NKOY TEDDY
;12/09/2025;LE ROI DES CHANTIERS;MAUVILAC INDUSTRIES AFRICA GABON;9.384.888,00;Chèque;Validé;AFG LRC;;MAUVILAC INDUSTRIES AFRICA GABON;;CHEQUE RECUS  Num cheq: 0000224
;12/09/2025;LE ROI DES CHANTIERS;LEME-CONSTRUCTION;20.000.000,00;Cash;Validé;CASH LE ROI DES CHANTIERS;;LEME-CONSTRUCTION;;AVANCE POUR LES VOIRIES DE NDENDE  // LEME CONSTRUCTION / M OLLOMO ZOUKOUE
;13/09/2025;LE ROI DES CHANTIERS;OUSSEYNOU CONSTRUCTION;40.000.000,00;Cash;Validé;CASH LE ROI DES CHANTIERS;;OUSSEYNOU CONSTRUCTION;;REGLEMENT ACOMPTE  POUR TRAVAUX DE CONSTRUCTION SUR MANDJI // OUSSEYNOU MBENGUE CONSTRUCTION 
;15/09/2025;LE ROI DES CHANTIERS;OUVRAGES STRUCTURES INGENIERIE;31.227.333,00;Chèque;Validé;AFG LRC;;OUVRAGES STRUCTURES INGENIERIE;;CHEQUE RECUS  Num cheq: 0000242
;15/09/2025;LE ROI DES CHANTIERS;PIRIG;1.400.000,00;Cash;Validé;CASH LE ROI DES CHANTIERS;;PIRIG;;AVANCE POUR LES TRAVAUX DE CHAUDRONERIE ET SOUDURE  // M FONDJO ROGER / PIRIG 
;15/09/2025;LE ROI DES CHANTIERS;LV EQUIPEMENT SERVICE;735.400,00;Cash;Validé;CASH LE ROI DES CHANTIERS;;LV EQUIPEMENT SERVICE;;ACHAT DE 20 SANGLES POUR TRANSPORT CIMENT ET MATERIAUX  // LV EQUIPEMENT XU XHIAO
;16/09/2025;LE ROI DES CHANTIERS;SSPG;4.570.425,00;Chèque;Validé;AFG LRC;;SSPG;;CHEQUE RECUS  Num cheq: 0000601
;16/09/2025;LE ROI DES CHANTIERS;Centr'affaires;25.000.151,00;Chèque;Validé;AFG LRC;;Centr'affaires;;CHEQUE RECUS  Num cheq: 0000608
;16/09/2025;LE ROI DES CHANTIERS;DAVUM GABON SA;2.819.882,00;Chèque;Validé;AFG LRC;;DAVUM GABON SA;;REMISE DE CHEQUE INTRA  Num cheq:  0000225
;16/09/2025;LE ROI DES CHANTIERS;DAVUM GABON SA;9.392.385,00;Chèque;Validé;AFG LRC;;DAVUM GABON SA;;REMISE DE CHEQUE INTRA  Num cheq:  0000227
;16/09/2025;LE ROI DES CHANTIERS;PL GABON ENGINEERING;10.000.000,00;Cash;Validé;CASH LE ROI DES CHANTIERS;;PL GABON ENGINEERING;;AVANCE SUR PRESTATION /FORAGE STATION GAB 'OIL  // PL GABON ENGINEERING
;16/09/2025;LE ROI DES CHANTIERS;KUA AUTO;10.000.000,00;Cash;Validé;CASH LE ROI DES CHANTIERS;;KUA AUTO;;REGLEMENT FACTURES KUA AUTO  // KUA AUTO/ M KOSTA ULRICH ALEXIS
;17/09/2025;LE ROI DES CHANTIERS;BOULENDE NIOLET NADEGE EPSE AYOUMA;4.810.000,00;Chèque;Validé;AFG LRC;;BOULENDE NIOLET NADEGE EPSE AYOUMA;;CHEQUE RECUS  Num cheq: 0000246
;17/09/2025;LE ROI DES CHANTIERS;LA ROCHE COFT;2.200.000,00;Chèque;Validé;AFG LRC;;LA ROCHE COFT;;CHEQUE RECUS  Num cheq: 0000248
;17/09/2025;LE ROI DES CHANTIERS;ANTCHOU MANAGEMENT GABON;1.882.053,00;Chèque;Validé;AFG LRC;;ANTCHOU MANAGEMENT GABON;;CHEQUE RECUS  Num cheq: 0000602
;17/09/2025;LE ROI DES CHANTIERS;LES MATERIAUX REUNIS SA;42.793.590,00;Chèque;Validé;AFG LRC;;LES MATERIAUX REUNIS SA;;CHEQUE RECUS  Num cheq: 0000219
;17/09/2025;LE ROI DES CHANTIERS;IPES;1.480.336,00;Chèque;Validé;AFG LRC;;IPES;;CHEQUE RECUS  Num cheq: 0000205
;17/09/2025;LE ROI DES CHANTIERS;NGOUESSI Davy Franck;7.700.000,00;Chèque;Validé;AFG LRC;;NGOUESSI Davy Franck;;CHEQUE RECUS  Num cheq: 0000245
;17/09/2025;LE ROI DES CHANTIERS;SCRS SARL;11.609.164,00;Chèque;Validé;AFG LRC;;SCRS SARL;;CHEQUE RECUS  Num cheq: 0000244
;17/09/2025;LE ROI DES CHANTIERS;LGS;3.568.000,00;Chèque;Validé;AFG LRC;;LGS;;CHEQUE RECUS  Num cheq: 0000603
;17/09/2025;LE ROI DES CHANTIERS;BATIPLUS;18.618.000,00;Cash;Validé;CASH LE ROI DES CHANTIERS;;BATIPLUS;;ACHAT BATIPLUS POUR MATERIEL DE LA STATION AVORBAM ET MAKONGONIO // MME SERGINE
;18/09/2025;LE ROI DES CHANTIERS;ELITE PROTECTION SECURITE;4.395.000,00;Chèque;Validé;AFG LRC;;ELITE PROTECTION SECURITE;;CHEQUE RECUS  Num cheq: 0000606
;20/09/2025;LE ROI DES CHANTIERS;Construction Nouvelle Horizon;113.300,00;Cash;Validé;CASH LE ROI DES CHANTIERS;;Construction Nouvelle Horizon;;FRAIS DE MISSION CHAUFFEUR +AIDE POUR TRANSPORTCARREAUX ET MATERIEL DE CONSTRUCTION POUR LA STATION DE MAKONGONIO // TCHIBINDA YANNICK
;23/09/2025;LE ROI DES CHANTIERS;GABONAISE DE BOIS & NEGOCE;35.000.000,00;Chèque;Validé;AFG LRC;;GABONAISE DE BOIS & NEGOCE;;CHEQUE RECUS  Num cheq: 0000613
;24/09/2025;LE ROI DES CHANTIERS;Construction Nouvelle Horizon;140.000,00;Cash;Validé;CASH LE ROI DES CHANTIERS;;Construction Nouvelle Horizon;;ACHATS DE 20 FEUILLES DE FAITIERES POUR LE CHANTIER DE LA STATION DE MAKONGONIO // QUINCAILLERIE CAMARA ET FRERES 
;25/09/2025;LE ROI DES CHANTIERS;BLUEBERRY VOYAGE SERVICES;8.651.000,00;Chèque;Validé;AFG LRC;;BLUEBERRY VOYAGE SERVICES;;CHEQUE RECUS  Num cheq: 0000615
;26/09/2025;LE ROI DES CHANTIERS;GABON TELECOM;15.061.501,00;Virement;Validé;BGFI LRC;;GABON TELECOM;;VIR.EMIS  GABON TELECOM
;26/09/2025;LE ROI DES CHANTIERS;Construction Nouvelle Horizon;110.000,00;Cash;Validé;CASH LE ROI DES CHANTIERS;;Construction Nouvelle Horizon;;FRAIS DE MISSION FOFANA HAMED ET KIBA WA KIBA SISTER POUR TRANSPORT FERRAILLES ET AUTRES MATERIELS VERS LA STATION DE MAKONGONIO // MME MATEH JEANNE D'ARC
;29/09/2025;LE ROI DES CHANTIERS;BATIPLUS;75.000.000,00;Chèque;Validé;AFG LRC;;BATIPLUS;;DEBIT DIVERS  CHEQUE N°0000214
;29/09/2025;LE ROI DES CHANTIERS;BATIPLUS;75.000.000,00;Chèque;Validé;AFG LRC;;BATIPLUS;;DEBIT DIVERS  CHEQUE N°0000215
;30/09/2025;LE ROI DES CHANTIERS;PIRIG;3.000.000,00;Cash;Validé;CASH LE ROI DES CHANTIERS;;PIRIG;;AVANCE POUR FABRICATION ET POSE DE LA CHARPENTE METALLIQUE A MAKONGONIO // PIRIG/ M FONDJO ROGER
;01/10/2025;LE ROI DES CHANTIERS;LA CENTRALE DES MATERIAUX;49.118.067,00;Virement;Validé;BGFI LRC;;LA CENTRALE DES MATERIAUX;;REJET TARDIF 18/06/25 CHQ 0451
;02/10/2025;LE ROI DES CHANTIERS;EFTC - ENTREPRISE FAMILLE TEMBEKA CONSTRUCTION;10.000.000,00;Chèque;Validé;BGFI LRC;;EFTC - ENTREPRISE FAMILLE TEMBEKA CONSTRUCTION;;RETRAIT GU44170993 TEMBEKA RO
;02/10/2025;LE ROI DES CHANTIERS;OUSSEYNOU CONSTRUCTION;30.000.000,00;Chèque;Validé;BGFI LRC;;OUSSEYNOU CONSTRUCTION;;RETRAIT GU44170995 MBENGUE OU
;02/10/2025;LE ROI DES CHANTIERS;OUVRAGES STRUCTURES INGENIERIE;222.119.163,00;Virement;Validé;BGFI LRC;;OUVRAGES STRUCTURES INGENIERIE;;VIR.MULT. 270279
;02/10/2025;LE ROI DES CHANTIERS;TOUT TRANSIT TRANSPORT (3T CAMEROUN SA);36.898.050,00;Virement;Validé;BGFI LRC;;TOUT TRANSIT TRANSPORT (3T CAMEROUN SA);;VIR.EMIS  3T CAMEROUN SA
;02/10/2025;LE ROI DES CHANTIERS;Construction Nouvelle Horizon;40.000.000,00;Virement;Validé;BGFI LRC;;Construction Nouvelle Horizon;;VIR.EMIS  CONSTRUCTION NOUVELL
;03/10/2025;LE ROI DES CHANTIERS;BATIPLUS;5.819.722,00;Cash;Validé;CASH LE ROI DES CHANTIERS;;BATIPLUS;;ACHAT MATERIEL CHEZ BATIPLUS POUR LES CHANTIER OKONDJA/ NKUM ET MAKONGONIO  // MME IRIS 
;04/10/2025;LE ROI DES CHANTIERS;PL GABON ENGINEERING;7.000.000,00;Cash;Validé;CASH LE ROI DES CHANTIERS;;PL GABON ENGINEERING;;ACOMPTE POUR REALISATION DES TRAVAUX D'IMPLANTATION D'UN FORAGE  // M IGNANGA HUGUES RODRIGUES / PI GABON ENGEERING
;04/10/2025;LE ROI DES CHANTIERS;CIMAF;20.000.000,00;Cash;Validé;CASH LE ROI DES CHANTIERS;;CIMAF;;DEPOT SUR COMPTE CIMAF POUR ACHAT DE CIMENT  // MME IRIS
;06/10/2025;LE ROI DES CHANTIERS;BATIPLUS;29.995.856,00;Cash;Validé;CASH LE ROI DES CHANTIERS;;BATIPLUS;;ACHAT FER A BETON POUR LE CHANTIER DE L'UNIVERSITE DE MOUILA  // BATIPLUS
;06/10/2025;LE ROI DES CHANTIERS;LV EQUIPEMENT SERVICE;1.900.000,00;Cash;Validé;CASH LE ROI DES CHANTIERS;;LV EQUIPEMENT SERVICE;;ACHAT FILTRES POUR LES CAMIONS DU CHANTIER DE MALINGA  // LV EQUIPEMENT SERVICE
;06/10/2025;LE ROI DES CHANTIERS;KUA AUTO;5.000.000,00;Cash;Validé;CASH LE ROI DES CHANTIERS;;KUA AUTO;;REGLEMENT ACOMPTE  FACTURE KUA AUTO  // KUA AUTO/ KOSTA ULRICH ALEXIS
;07/10/2025;LE ROI DES CHANTIERS;CIMAF;20.000.000,00;Cash;Validé;CASH LE ROI DES CHANTIERS;;CIMAF;;DEPOT SUR COMPTE CIMAF POUR ACHAT DE CIMENT  // MME IRIS/ CIMAF
;14/10/2025;LE ROI DES CHANTIERS;3D DEVELOPPEMENT;6.758.525,00;Virement;Validé;BGFI LRC;;3D DEVELOPPEMENT;;VIR.EMIS  3D DEVELOPPEMENT
;15/10/2025;LE ROI DES CHANTIERS;CRYSTAL AZUR;1.750.000,00;Virement;Validé;ORABANK LRC;;CRYSTAL AZUR;;Virmt fav. CRYSTAL AZUR RGT FACT CRYSTAL AZUR
;15/10/2025;LE ROI DES CHANTIERS;CIMAF;80.999.980,00;Traite;Validé;AFG LRC;;CIMAF;;EFFETS A L'ENCAISSEMENT- REGLEMENT
;15/10/2025;LE ROI DES CHANTIERS;SOCIETE UWAGAB;65.665.000,00;Chèque;Validé;AFG LRC;;SOCIETE UWAGAB;;CHEQUE RECUS  Num cheq: 0000616
;15/10/2025;LE ROI DES CHANTIERS;TRACTAFRIC EQUIPMENT GABON;35.845.556,00;Traite;Validé;AFG LRC;;TRACTAFRIC EQUIPMENT GABON;;EFFETS A L'ENCAISSEMENT- REGLEMENT
;15/10/2025;LE ROI DES CHANTIERS;SOGEM TP;3.712.800,00;Virement;Validé;BGFI LRC;;SOGEM TP;;VIR.EMIS  SOCIETE GENERALE MAC
;15/10/2025;LE ROI DES CHANTIERS;ALT EMPLOI GABON;66.926.610,00;Virement;Validé;BGFI LRC;;ALT EMPLOI GABON;;VIR.EMIS  ALT EMPLOI GABON INT
;17/10/2025;LE ROI DES CHANTIERS;SCI NADIA;1.200.000,00;Chèque;Validé;ECOBANK;;SCI NADIA;;REF : T01M305252900001 // DEBIT DIRECT //  // VRT LE ROI DES CHANTIERS FAV OYINI BENLEMLIH SAID
;17/10/2025;LE ROI DES CHANTIERS;PYRAMIDE BTP;2.882.500,00;Chèque;Validé;AFG LRC;;PYRAMIDE BTP;;CHEQUE RECUS  Num cheq: 0000618
;17/10/2025;LE ROI DES CHANTIERS;SOCIETE MAISSA ARCHITECTURES;90.000.000,00;Chèque;Validé;AFG LRC;;SOCIETE MAISSA ARCHITECTURES;;REMISE DE CHEQUE INTRA  Num cheq:  0000398
;17/10/2025;LE ROI DES CHANTIERS;SOCIETE MAISSA ARCHITECTURES;90.000.000,00;Chèque;Validé;AFG LRC;;SOCIETE MAISSA ARCHITECTURES;;REMISE DE CHEQUE INTRA  Num cheq:  0000397
;17/10/2025;LE ROI DES CHANTIERS;SOCIETE MAISSA ARCHITECTURES;90.000.000,00;Chèque;Validé;AFG LRC;;SOCIETE MAISSA ARCHITECTURES;;REMISE DE CHEQUE INTRA  Num cheq:  0000399
;21/10/2025;LE ROI DES CHANTIERS;COBEN GABON;13.500.000,00;Cash;Validé;CASH LE ROI DES CHANTIERS;;COBEN GABON;;LOCATION DE 09 CAMIONS PLATEAUX POUR TRANSPORT DES BORDURES ET PAVES SUR MEKAMBO   // M NGORA ERIC / COBEN
;22/10/2025;LE ROI DES CHANTIERS;OGAR ASSURANCES;24.189.397,00;Chèque;Validé;AFG LRC;;OGAR ASSURANCES;;REMISE DE CHEQUE INTRA  Num cheq:  0000396
;23/10/2025;LE ROI DES CHANTIERS;ASAPH ENERGY & SERVICES;3.000.000,00;Cash;Validé;CASH LE ROI DES CHANTIERS;;ASAPH ENERGY & SERVICES;;2EME AVANCE POUR MAIN D'ŒUVRE TRAVAUX D'ELETRIFICATION CHANTIER AVORBAM // ASAPH / M EKOMO OLOH SALOMON VERMESSE
;23/10/2025;LE ROI DES CHANTIERS;ASAPH ENERGY & SERVICES;600.000,00;Cash;Validé;CASH LE ROI DES CHANTIERS;;ASAPH ENERGY & SERVICES;;ACHAT DE 12 TRANSFORMATEURS ELECTRIQUES 200 W POUR LE CHANTIER AVORBAM // ASAPH / M EKOMO OLOH SALOMON VERMESSE
;24/10/2025;LE ROI DES CHANTIERS;SOGEM TP;9.410.520,00;Chèque;Validé;AFG LRC;;SOGEM TP;;CHEQUE RECUS  Num cheq: 0000701
;24/10/2025;LE ROI DES CHANTIERS;INNOVCOM;8.000.000,00;Cash;Validé;CASH LE ROI DES CHANTIERS;;INNOVCOM;;REGLEMENT ACOMPTE POUR FOURNITURE/DEPLOIEMENT DE CIRCUIT ONDULEUR  0 KVA MONO ET FOURNITURE ET DEPLOIEMENT RESEAU INFORMATIQUE ET VIDEOSURVEILLANCE CHANTIER AVORBAM  //  INNOV COM/ M DJEDE KOFFI BERTRAND
;24/10/2025;LE ROI DES CHANTIERS;SRBTP;3.000.000,00;Cash;Validé;CASH LE ROI DES CHANTIERS;;SRBTP;;AVANCE DE 50% POUR LES TRAVAUX DE TUYAUTERIE STATION ASSOCK NGOMO // CEO METROLOGIE/ M KEVIN NDJYOTA
;27/10/2025;LE ROI DES CHANTIERS;CFAO Comptoir Francais De L'Afrique Occidentale;291.693,00;Chèque;Validé;AFG LRC;;CFAO Comptoir Francais De L'Afrique Occidentale;;CHEQUE RECUS  Num cheq: 0000704
;27/10/2025;LE ROI DES CHANTIERS;LES MATERIAUX REUNIS SA;403.232,00;Chèque;Validé;AFG LRC;;LES MATERIAUX REUNIS SA;;CHEQUE RECUS  Num cheq: 0000702
;27/10/2025;LE ROI DES CHANTIERS;SODIM TP;376.175,00;Chèque;Validé;AFG LRC;;SODIM TP;;REMISE DE CHEQUE INTRA  Num cheq:  0000703
;28/10/2025;LE ROI DES CHANTIERS;SSPG;5.118.797,00;Chèque;Validé;AFG LRC;;SSPG;;CHEQUE RECUS  Num cheq: 0000717
;28/10/2025;LE ROI DES CHANTIERS;SOCIETE BANI SARL;12.565.000,00;Chèque;Validé;AFG LRC;;SOCIETE BANI SARL;;CHEQUE RECUS  Num cheq: 0000705
;30/10/2025;LE ROI DES CHANTIERS;TAF AGRO UNIVERSEL;15.000.000,00;Chèque;Validé;AFG LRC;;TAF AGRO UNIVERSEL;;CHEQUE RECUS  Num cheq: 0000740
;30/10/2025;LE ROI DES CHANTIERS;SOCIETE DES GRANULATS DU GABON;11.250.000,00;Chèque;Validé;AFG LRC;;SOCIETE DES GRANULATS DU GABON;;CHEQUE RECUS  Num cheq: 0000735
;30/10/2025;LE ROI DES CHANTIERS;SOLUGEO;10.513.000,00;Chèque;Validé;AFG LRC;;SOLUGEO;;CHEQUE RECUS  Num cheq: 0000733
;30/10/2025;LE ROI DES CHANTIERS;MECANIQUE ELECTRIQUE PLUS;7.739.636,00;Chèque;Validé;AFG LRC;;MECANIQUE ELECTRIQUE PLUS;;CHEQUE RECUS  Num cheq: 0000719
;30/10/2025;LE ROI DES CHANTIERS;STRAIGHTLINE DETAILING;2.540.000,00;Chèque;Validé;AFG LRC;;STRAIGHTLINE DETAILING;;CHEQUE RECUS  Num cheq: 0000722
;30/10/2025;LE ROI DES CHANTIERS;MECANO AUTO DESIGN;1.271.250,00;Chèque;Validé;AFG LRC;;MECANO AUTO DESIGN;;CHEQUE RECUS  Num cheq: 0000726
;30/10/2025;LE ROI DES CHANTIERS;LV EQUIPEMENT SERVICE;9.092.195,00;Chèque;Validé;AFG LRC;;LV EQUIPEMENT SERVICE;;CHEQUE RECUS  Num cheq: 0000730
;30/10/2025;LE ROI DES CHANTIERS;SARL NGT;1.533.149,00;Chèque;Validé;AFG LRC;;SARL NGT;;CHEQUE RECUS  Num cheq: 0000744
;30/10/2025;LE ROI DES CHANTIERS;FORVIS MAZARS GABON;5.462.100,00;Chèque;Validé;AFG LRC;;FORVIS MAZARS GABON;;REMISE DE CHEQUE INTRA  Num cheq:  0000349
;30/10/2025;LE ROI DES CHANTIERS;ETF BTP GABON;34.300.000,00;Chèque;Validé;AFG LRC;;ETF BTP GABON;;REMISE DE CHEQUE INTRA  Num cheq:  0000739
;30/10/2025;LE ROI DES CHANTIERS;ECIG ENTREPRISE COMMERCIALE ET INDUSTRIELLE DU GABON;8.009.434,00;Chèque;Validé;AFG LRC;;ECIG ENTREPRISE COMMERCIALE ET INDUSTRIELLE DU GABON;;REMISE DE CHEQUE INTRA  Num cheq:  0000731
;30/10/2025;LE ROI DES CHANTIERS;GRATRALH;1.700.000,00;Chèque;Validé;AFG LRC;;GRATRALH;;REMISE DE CHEQUE INTRA  Num cheq:  0000723
;30/10/2025;LE ROI DES CHANTIERS;SOGEM TP;28.350.170,00;Chèque;Validé;AFG LRC;;SOGEM TP;;REMISE DE CHEQUE INTRA  Num cheq:  0000732
;30/10/2025;LE ROI DES CHANTIERS;DAVUM GABON SA;1.532.762,00;Virement;Validé;AFG LRC;;DAVUM GABON SA;;DEBIT DIVERS  PAIEMENT CH N  0000617
;30/10/2025;LE ROI DES CHANTIERS;SOGEM TP;70.000.000,00;Virement;Validé;BGFI LRC;;SOGEM TP;;PAIEMENT AVAL/TRAITE   926930
;30/10/2025;LE ROI DES CHANTIERS;LEME-CONSTRUCTION;1.000.000,00;Cash;Validé;CASH LE ROI DES CHANTIERS;;LEME-CONSTRUCTION;;2EME AVANCE POUR LES TRAVAUX DE PEINTURE  // LEME CONSTRUCTION /M MAMADOU FAYE
;31/10/2025;LE ROI DES CHANTIERS;TRACTAFRIC EQUIPMENT GABON;35.845.556,00;Traite;Validé;AFG LRC;;TRACTAFRIC EQUIPMENT GABON;;EFFETS A L'ENCAISSEMENT- REGLEMENT
;31/10/2025;LE ROI DES CHANTIERS;SOGEM TP;198.849.000,00;Traite;Validé;AFG LRC;;SOGEM TP;;EFFETS A L'ENCAISSEMENT- REGLEMENT
;31/10/2025;LE ROI DES CHANTIERS;SARL NGT;-1.533.149,00;Chèque;Validé;AFG LRC;;SARL NGT;;VIREMENT  CHEQUE IMPAYE N° 0000744 DU 31/10/25
;31/10/2025;LE ROI DES CHANTIERS;MECANO AUTO DESIGN;-1.271.250,00;Chèque;Validé;AFG LRC;;MECANO AUTO DESIGN;;VIREMENT  CHEQUE N°0000726 DU  31/10/25.
;31/10/2025;LE ROI DES CHANTIERS;STRAIGHTLINE DETAILING;-2.540.000,00;Chèque;Validé;AFG LRC;;STRAIGHTLINE DETAILING;;VIREMENT  CHEQUE IMPAYE N° 0000722 DU 31/10/25.
;31/10/2025;LE ROI DES CHANTIERS;GABON SPRIINT AUTO;433.160,00;Chèque;Validé;AFG LRC;;GABON SPRIINT AUTO;;REMISE DE CHEQUE INTRA  Num cheq:  0000727
;31/10/2025;LE ROI DES CHANTIERS;MECANIQUE ELECTRIQUE PLUS;-7.739.636,00;Chèque;Validé;AFG LRC;;MECANIQUE ELECTRIQUE PLUS;;VIREMENT  CHEQUE IMPAYE  N° 0000719 DU 30/10/25.
;31/10/2025;LE ROI DES CHANTIERS;SOLUGEO;-10.513.000,00;Chèque;Validé;AFG LRC;;SOLUGEO;;VIREMENT  CHEQUE IMPAYE  N° 0000733 DU 31/10/25.
;31/10/2025;LE ROI DES CHANTIERS;TAF AGRO UNIVERSEL;-15.000.000,00;Chèque;Validé;AFG LRC;;TAF AGRO UNIVERSEL;;VIREMENT  CHEQUE IMPAYE  N° 0000740 DU 31/10/25.
;31/10/2025;LE ROI DES CHANTIERS;FORVIS MAZARS GABON;-5.462.100,00;Virement;Validé;AFG LRC;;FORVIS MAZARS GABON;;VIREMENT  REJET CHQ IMPAYE  0000349
;31/10/2025;LE ROI DES CHANTIERS;ETF BTP GABON;-34.300.000,00;Virement;Validé;AFG LRC;;ETF BTP GABON;;VIREMENT  REJET CHQ IMPAYE  0000739
;31/10/2025;LE ROI DES CHANTIERS;ECIG ENTREPRISE COMMERCIALE ET INDUSTRIELLE DU GABON;-8.009.434,00;Virement;Validé;AFG LRC;;ECIG ENTREPRISE COMMERCIALE ET INDUSTRIELLE DU GABON;;VIREMENT  REJET CHQ IMPAYE  0000731
;31/10/2025;LE ROI DES CHANTIERS;GRATRALH;-1.700.000,00;Virement;Validé;AFG LRC;;GRATRALH;;VIREMENT  REJET CHQ IMPAYE  0000723
;31/10/2025;LE ROI DES CHANTIERS;SOGEM TP;-28.350.170,00;Virement;Validé;AFG LRC;;SOGEM TP;;VIREMENT  REJET CHQ IMPAYE  0000732
;31/10/2025;LE ROI DES CHANTIERS;PIECES EQUIP'AUTO SA;10.146.087,00;Chèque;Validé;AFG LRC;;PIECES EQUIP'AUTO SA;;CHEQUE RECUS  Num cheq: 0000721
;31/10/2025;LE ROI DES CHANTIERS;LV EQUIPEMENT SERVICE;-9.092.195,00;Chèque;Validé;AFG LRC;;LV EQUIPEMENT SERVICE;;VIREMENT  CHEQUE IMPAYE  N° 0000730 DU 31/10/25.
;31/10/2025;LE ROI DES CHANTIERS;SOCIETE DES GRANULATS DU GABON;-11.250.000,00;Chèque;Validé;AFG LRC;;SOCIETE DES GRANULATS DU GABON;;VIREMENT  CHEQUE IMPAYE  N° 0000735 DU 31/10/25.
;31/10/2025;LE ROI DES CHANTIERS;KUA AUTO;3.000.000,00;Cash;Validé;CASH LE ROI DES CHANTIERS;;KUA AUTO;;REGLEMENT ACOMPTE FACTURE KUA AUTO // KUA AUTO/ KOSTA ULRICH ALEXIS
;01/11/2025;LE ROI DES CHANTIERS;LEME-CONSTRUCTION;1.000.000,00;Cash;Validé;CASH LE ROI DES CHANTIERS;;LEME-CONSTRUCTION;;3 EME AVANCE POUR LES TRAVAUX D'EMBELLISEMENT DU GRAND LIBREVILLE AXE ROND POINT DEMOCRATIE/ FEU ROUGE AFFAIRE ETRANGERE /CARREFOUR LEON MBA/CENTRE DIAGNOSTIQUE  // LEME CONSTRUCTIONS/ M FAYE MAMADOU
;03/11/2025;LE ROI DES CHANTIERS;CREDIT BAIL AFG;63.795.630,00;Opération bancaire;Validé;AFG LRC;;CREDIT BAIL AFG;;REGULARISATION  REGUARISATION  SUR LOYER IMAPYE DU 30/09/2025
;03/11/2025;LE ROI DES CHANTIERS;CREDIT BAIL AFG;10.991.629,00;Opération bancaire;Validé;AFG LRC;;CREDIT BAIL AFG;;REGULARISATION  REGUARISATION  SUR LOYER IMAPYE DU 30/09/2025
;04/11/2025;LE ROI DES CHANTIERS;CREDIT BAIL AFG;10.991.629,00;Opération bancaire;Validé;AFG LRC;;CREDIT BAIL AFG;;VIREMENT  REGULARISATION SUR  LOYER IMPAYE DU 30/10/2025
;04/11/2025;LE ROI DES CHANTIERS;CREDIT BAIL AFG;63.795.630,00;Opération bancaire;Validé;AFG LRC;;CREDIT BAIL AFG;;VIREMENT  REGULARISATION SUR  LOYER IMPAYE DU 30/10/2025
;04/11/2025;LE ROI DES CHANTIERS;PIRIG;1.630.000,00;Cash;Validé;CASH LE ROI DES CHANTIERS;;PIRIG;;ACHAT MATERIEL D'ATTACHEMENT POUR LA STATION AVORBAM // M FONDJO ROGER /PIRIG
;06/11/2025;LE ROI DES CHANTIERS;SOGAFRIC SERVICES SA;2.383.325,00;Cash;Validé;CASH LE ROI DES CHANTIERS;;SOGAFRIC SERVICES SA;;ACHAT CLIMATISEUR ET ACCESSOIRES POUR BUREAU DES ACHATS BASE TROPIGAB  // SOGAFRIC/ MME IRIS
;07/11/2025;LE ROI DES CHANTIERS;SOGEM TP;70.000.000,00;Virement;Validé;BGFI LRC;;SOGEM TP;;EXT CAUT CT/AVAL TRAITE 926941
;07/11/2025;LE ROI DES CHANTIERS;SOGEM TP;70.000.000,00;Virement;Validé;BGFI LRC;;SOGEM TP;;EXT CAUT CT/AVAL TRAITE 926929
;07/11/2025;LE ROI DES CHANTIERS;LEME-CONSTRUCTION;1.839.000,00;Cash;Validé;CASH LE ROI DES CHANTIERS;;LEME-CONSTRUCTION;;AVANCE DE DEMARRAGE POUR LES TRAVAUX DE PEINTURE ROND POINT DE LA DEMOCRATIE  // LEME CONSTRUCTION/ M FAYE MAMADOU
;08/11/2025;LE ROI DES CHANTIERS;BAMBA RASSOUL;1.000.000,00;Cash;Validé;CASH LE ROI DES CHANTIERS;;BAMBA RASSOUL;;AVANCE SUR RELIQUAT FACTURE POUR EXECUTION DES TRAVAUX A MALINGA  // BAMBA RASSOUL/ M MBAYE ELHADJI MAMADOU
;08/11/2025;LE ROI DES CHANTIERS;PL GABON ENGINEERING;5.000.000,00;Cash;Validé;CASH LE ROI DES CHANTIERS;;PL GABON ENGINEERING;;PAIEMENT ESPECE FACTURE PL GABON / RETOUR CHEQUE IMPAYE  // PL GABON ENGINEERING / M IGNANGA HUGUES RODRIGUE  
;08/11/2025;LE ROI DES CHANTIERS;LEME-CONSTRUCTION;3.600.000,00;Cash;Validé;CASH LE ROI DES CHANTIERS;;LEME-CONSTRUCTION;;LOCATION ECHAFFAUDAGE POUR TRAVAUX DE PEINTURE ROND POINT DEMOCRATIE  // LEME CONSTRUCTION / LEME CONSTRUCTION 
;10/11/2025;LE ROI DES CHANTIERS;LEME-CONSTRUCTION;480.000,00;Cash;Validé;CASH LE ROI DES CHANTIERS;;LEME-CONSTRUCTION;;ACHAT COMPLEMENT DE MATERIEL POUR EXECUTION TRAVAUX DE PEINTURE ROND POINT DEMOCRATIE  // M FAYE MAMADOU
;10/11/2025;LE ROI DES CHANTIERS;DMH GABON;5.000.000,00;Cash;Validé;CASH LE ROI DES CHANTIERS;;DMH GABON;;REGLEMENT ACOMPTE / CREANCE POUR LIVRAISON MATERIEL DE TOPOGRAPHIE  // DMH GABON / NDOG NLOMNONGOI ISIDORE CARDIN 
;12/11/2025;LE ROI DES CHANTIERS;Construction Nouvelle Horizon;2.495.000,00;Cash;Validé;CASH LE ROI DES CHANTIERS;;Construction Nouvelle Horizon;;ACHAT COMPLEMENT DE MATERIEL DALLE ACOUSTIQUE STATION MINVOUL // M THIBAULT MBAZELE 
;14/11/2025;LE ROI DES CHANTIERS;CIMAF;80.999.980,00;Traite;Validé;AFG LRC;;CIMAF;;EFFETS A L'ENCAISSEMENT-REGLEMENT
;14/11/2025;LE ROI DES CHANTIERS;Construction Nouvelle Horizon;839.000,00;Cash;Validé;CASH LE ROI DES CHANTIERS;;Construction Nouvelle Horizon;;ACHAT COMPLEMENT DE MATERIEL POUR LA TUYAUTERIE DE LA STATION MINVOUL // M THIBAUT MBAZELE
;14/11/2025;LE ROI DES CHANTIERS;KORUM;15.000.000,00;Cash;Validé;CASH LE ROI DES CHANTIERS;;KORUM;;DECAISSEMENT ACCORD PDG AGANO/ REGLEMENT FACTURE  // KORUM/ M BOUKENE NWIN ERICQ
;14/11/2025;LE ROI DES CHANTIERS;KUA AUTO;5.000.000,00;Cash;Validé;CASH LE ROI DES CHANTIERS;;KUA AUTO;;REGLEMENT FACTURE KUA AUTO // KUA AUTO/KOSTA ULRICH ALEXIS
;15/11/2025;LE ROI DES CHANTIERS;CABINET JURIS-CONSULT & PARTNERS;5.000.000,00;Cash;Validé;CASH LE ROI DES CHANTIERS;;CABINET JURIS-CONSULT & PARTNERS;;DECAISSEMENT CABINET JURIS-CONSULT & PARTNERS // MME VICTOIRE EYI
;15/11/2025;LE ROI DES CHANTIERS;PIRIG;800.000,00;Cash;Validé;CASH LE ROI DES CHANTIERS;;PIRIG;;FABRICATION CALLE METALLIQUES CHANTIER AVORBAM // PIRIG/ M FONDJO ROGER
;18/11/2025;LE ROI DES CHANTIERS;BATIPLUS;1.462.900,00;Cash;Validé;CASH LE ROI DES CHANTIERS;;BATIPLUS;;ACHAT MATERIEL POUR  CURAGE CANIVEAUX ANCIENNE GARE ROUTIERE  // BATIPLUS / MADAME IRIS
;18/11/2025;LE ROI DES CHANTIERS;DMH GABON;2.300.000,00;Cash;Validé;CASH LE ROI DES CHANTIERS;;DMH GABON;;PAIEMENT ESPECES FACTURES DMH  // DMH/ M NDOG NLOMNGOI ISIDORE CARDIN
;20/11/2025;LE ROI DES CHANTIERS;GEOFOND;15.000.000,00;Cash;Validé;CASH LE ROI DES CHANTIERS;;GEOFOND;;AVANCE SUR FACTURE / SOCIETE GEOFOND // MME NDOULOU ABELOKO VALERIE/GEOFOND
;21/11/2025;LE ROI DES CHANTIERS;BATIPLUS;90.000.000,00;Chèque;Validé;AFG LRC;;BATIPLUS;;DEBIT DIVERS CHQ NO: 0000747 CHEQUE N °0000747- CHEQUE N°0000747
;21/11/2025;LE ROI DES CHANTIERS;BATIPLUS;90.000.000,00;Chèque;Validé;AFG LRC;;BATIPLUS;;DEBIT DIVERS CHQ NO: 0000746 CHEQUE N °0000746- CHEQUE N°0000747
;21/11/2025;LE ROI DES CHANTIERS;BATIPLUS;90.000.000,00;Chèque;Validé;AFG LRC;;BATIPLUS;;DEBIT DIVERS CHQ NO: 0000745 CHEQUE N °0000745- CHEQUE N°0000747
;21/11/2025;LE ROI DES CHANTIERS;PIECES EQUIP'AUTO SA;12.532.498,00;Chèque;Validé;AFG LRC;;PIECES EQUIP'AUTO SA;;VIREMENT CHQ NO: 0000743 PAIEMENT CH N 0000743- PAIEMENT CH N 0000743
;21/11/2025;LE ROI DES CHANTIERS;COTEXA SAS;46.640.000,00;Chèque;Validé;AFG LRC;;COTEXA SAS;;VIREMENT CHQ NO: 0000652 PAIEMENT CH N 0000652- PAIEMENT CH N 0000652
;21/11/2025;LE ROI DES CHANTIERS;MATELEC;3.233.000,00;Cash;Validé;CASH LE ROI DES CHANTIERS;;MATELEC;;ACHAT MATERIEL DE VENTILATION ET DE CLIMATISATION STATION GAB OIL OKONDJA  // MME IRIS/ MATELEC
;21/11/2025;LE ROI DES CHANTIERS;KORUM;15.000.000,00;Cash;Validé;CASH LE ROI DES CHANTIERS;;KORUM;;AVANCE SUR FACTURE KORUM // KORUM/MME KONDA MAYE EPSE AYABE
;21/11/2025;LE ROI DES CHANTIERS;GEOFOND;12.548.500,00;Cash;Validé;CASH LE ROI DES CHANTIERS;;GEOFOND;;REGLEMENNT RELIQUAT FACTURE   RETOUR CHEQUE IMPAYE  /GEOFOND  // GEOFOND/MME NDOULOU ABELOKO VALERIE
;21/11/2025;LE ROI DES CHANTIERS;KUA AUTO;10.000.000,00;Cash;Validé;CASH LE ROI DES CHANTIERS;;KUA AUTO;;AVANCE SUR FACTURE KUA AUTO // KUA AUTO/ KOSTA ULRICH
;22/11/2025;LE ROI DES CHANTIERS;ASAPH ENERGY & SERVICES;10.000.000,00;Cash;Validé;CASH LE ROI DES CHANTIERS;;ASAPH ENERGY & SERVICES;;ACOMPTE SUR FACTURE ELECTRICITE AVORBAM ET AKANDA  // ASAPH/ EKOMO DOH SALOMON VERMESSE
;22/11/2025;LE ROI DES CHANTIERS;LEME-CONSTRUCTION;3.000.000,00;Cash;Validé;CASH LE ROI DES CHANTIERS;;LEME-CONSTRUCTION;;4 EME AVANCE POUR LES TRAVAUX DE PEINTURE GRAND LBV // M MAMADOU FAYE /LEME CONSTRUCTION 
;24/11/2025;LE ROI DES CHANTIERS;SARL PRIMEDIA GABON;6.001.031,00;Chèque;Validé;AFG LRC;;SARL PRIMEDIA GABON;;VIREMENT CHQ NO: 0000675 CHEQ NUM.0000675- CHEQ NUM.0000675
;24/11/2025;LE ROI DES CHANTIERS;BATIPLUS;-90.000.000,00;Chèque;Validé;AFG LRC;;BATIPLUS;;VIREMENT  EXTOURNE DE FONDS CHEQUE N°0000747- EXTOURNE DE FONDS CHEQUE N °0000747
;24/11/2025;LE ROI DES CHANTIERS;BATIPLUS;-90.000.000,00;Chèque;Validé;AFG LRC;;BATIPLUS;;VIREMENT  EXTOURNE DE FONDS CHEQUE N°0000746- EXTOURNE DE FONDS CHEQUE N °0000747
;24/11/2025;LE ROI DES CHANTIERS;BATIPLUS;-90.000.000,00;Chèque;Validé;AFG LRC;;BATIPLUS;;VIREMENT  EXTOURNE DE FONDS CHEQUE N°0000745- EXTOURNE DE FONDS CHEQUE N °0000747
;24/11/2025;LE ROI DES CHANTIERS;SSPG;5.705.025,00;Chèque;Validé;AFG LRC;;SSPG;;CHEQUE RECUS CHQ NO: 0000672 CHEQUE RECU NUMERO 0000672-
;24/11/2025;LE ROI DES CHANTIERS;AUTO EXPERT;8.185.000,00;Chèque;Validé;AFG LRC;;AUTO EXPERT;;CHEQUE RECUS CHQ NO: 0000674 CHEQUE RECU NUMERO 0000674-
;24/11/2025;LE ROI DES CHANTIERS;FOBERD GABON;878.000,00;Cash;Validé;CASH LE ROI DES CHANTIERS;;FOBERD GABON;;ACHAT CARREAUX 30/30 POUR LA STATION SERVICE DE MAKONGONIO // FOBERD GABON/ MME IRIS
;24/11/2025;LE ROI DES CHANTIERS;BATIPLUS;3.383.040,00;Cash;Validé;CASH LE ROI DES CHANTIERS;;BATIPLUS;;ACHAT MATERIEL POUR COULAGE DE LA PISTE STATION GAB OIL OKONDJA  // BATIPLUS/ MME IRIS
;25/11/2025;LE ROI DES CHANTIERS;GARAGE SERVICES PRO;8.010.000,00;Chèque;Validé;AFG LRC;;GARAGE SERVICES PRO;;DEBIT DIVERS CHQ NO: 0000724 PAIEMENT CHQ 0000724- PAIEMENT CHQ 0000724
;25/11/2025;LE ROI DES CHANTIERS;MECANIQUE ELECTRIQUE PLUS;7.739.636,00;Chèque;Validé;AFG LRC;;MECANIQUE ELECTRIQUE PLUS;;DEBIT DIVERS CHQ NO: 0000719 PAIEMENT CHQ 0000719- PAIEMENT CHQ 0000719
;25/11/2025;LE ROI DES CHANTIERS;ECOTONE;63.966.000,00;Chèque;Validé;AFG LRC;;ECOTONE;;CHEQUE RECUS CHQ NO: 0000651 CHEQUE RECU NUMERO 0000651-
;25/11/2025;LE ROI DES CHANTIERS;BAMBA RASSOUL;9.000.000,00;Cash;Validé;CASH LE ROI DES CHANTIERS;;BAMBA RASSOUL;;AVANCE SUR MAIN D'ŒUVRE POUR LES TRAVAUX DE MALINGA  // BAMBA RASSOUL/ M MBAYE EL HADJI MAMADOU
;25/11/2025;LE ROI DES CHANTIERS;BATIPLUS;4.564.400,00;Cash;Validé;CASH LE ROI DES CHANTIERS;;BATIPLUS;;ACHAT MATERIEL D'ETANCHEITE ET SOUDURE POUR LA STATION DE NKUM // BATIPLUS/ MME IRIS 
;25/11/2025;LE ROI DES CHANTIERS;BATIPLUS;3.896.500,00;Cash;Validé;CASH LE ROI DES CHANTIERS;;BATIPLUS;;ACHAT MATERIEL D'ETANCHEITE ET SOUDURE POUR LA STATION DE ASSOCK NGOMO  // BATIPLUS/ MME IRIS 
;25/11/2025;LE ROI DES CHANTIERS;INNOVCOM;13.225.000,00;Cash;Validé;CASH LE ROI DES CHANTIERS;;INNOVCOM;;REGLEMENT RELIQUAT FACTURE + AVANCE SUR TRAVAUX STATION GAB OIL OKONDJA  // M DJEDJE KOFFI/ INNOV COM
;26/11/2025;LE ROI DES CHANTIERS;MECANIQUE ELECTRIQUE PLUS;7.739.636,00;Virement;Validé;AFG LRC;;MECANIQUE ELECTRIQUE PLUS;;VIREMENT  REGLEMENT CH N 0000719- REGLEMENT CH N 0000719
;26/11/2025;LE ROI DES CHANTIERS;SOLUGEO;10.513.000,00;Chèque;Validé;AFG LRC;;SOLUGEO;;VIREMENT CHQ NO: 0000733 PAIEMENT CH N 0000733- PAIEMENT CH N 0000733
;26/11/2025;LE ROI DES CHANTIERS;STRAIGHTLINE DETAILING;2.540.000,00;Chèque;Validé;AFG LRC;;STRAIGHTLINE DETAILING;;VIREMENT CHQ NO: 0000722 PAIEMENT CH N 0000722- PAIEMENT CH N 0000722
;26/11/2025;LE ROI DES CHANTIERS;BATIPLUS;7.596.000,00;Cash;Validé;CASH LE ROI DES CHANTIERS;;BATIPLUS;;ACHAT MATERIEL D'ETANCHEITE ET DE SOUDURE POUR LA STATION DE MINVOUL // BATIPLUS/ MME IRIS
;26/11/2025;LE ROI DES CHANTIERS;BATIPLUS;2.523.000,00;Cash;Validé;CASH LE ROI DES CHANTIERS;;BATIPLUS;;ACHAT FAIENCE POUR LA BASE VIE DE MOUILA  // BATIPLUS/ MME IRIS
;27/11/2025;LE ROI DES CHANTIERS;MECANIQUE ELECTRIQUE PLUS;-7.739.636,00;Chèque;Validé;AFG LRC;;MECANIQUE ELECTRIQUE PLUS;;VIREMENT CHQ NO: 0000719 EXTOURNE ECRIT DU 25/11/25 CHQ IMPAYE 0000719 DU 16/11/25- EXTOURNE ECRIT DU 25/11/25 CHQ IMPAYE 0000719 DU 16/11/25
;27/11/2025;LE ROI DES CHANTIERS;GARAGE SERVICES PRO;-8.010.000,00;Chèque;Validé;AFG LRC;;GARAGE SERVICES PRO;;VIREMENT CHQ NO: 0000724 EXTOURNE ECRIT DU 25/11/25 CHQ IMPAYE 0000724- EXTOURNE ECRIT DU 25/11/25 CHQ IMPAYE  0000724
;27/11/2025;LE ROI DES CHANTIERS;BROSSETTE NETTOYAGE;2.267.500,00;Chèque;Validé;AFG LRC;;BROSSETTE NETTOYAGE;;CHEQUE RECUS CHQ NO: 0000623 CHEQUE RECU NUMERO 0000623-
;27/11/2025;LE ROI DES CHANTIERS;OUVRAGES STRUCTURES INGENIERIE;46.125.458,00;Chèque;Validé;AFG LRC;;OUVRAGES STRUCTURES INGENIERIE;;CHEQUE RECUS CHQ NO: 0000676 CHEQUE RECU NUMERO 0000676-
;27/11/2025;LE ROI DES CHANTIERS;PIRIG;9.000.000,00;Chèque;Validé;ORABANK LRC;;PIRIG;;5296147 Ret cheq N° 5296147 du 27/11/2025 MR FONDJO ROGER
;27/11/2025;LE ROI DES CHANTIERS;EFTC - ENTREPRISE FAMILLE TEMBEKA CONSTRUCTION;10.000.000,00;Cash;Validé;CASH LE ROI DES CHANTIERS;;EFTC - ENTREPRISE FAMILLE TEMBEKA CONSTRUCTION;;AVANCE SUR RELIQUAT FACTURE  // M TEMBEKA ROMEO
;27/11/2025;LE ROI DES CHANTIERS;BERNABE GABON SA;16.752.823,00;Cash;Validé;CASH LE ROI DES CHANTIERS;;BERNABE GABON SA;;ACHAT POTEAUX ET PANNEAUX EN ALPINES VERT POUR MANDJI // MME IRIS/ BERNABE GABON
;27/11/2025;LE ROI DES CHANTIERS;BATIPLUS;11.605.000,00;Cash;Validé;CASH LE ROI DES CHANTIERS;;BATIPLUS;;ACHAT MATERIEL SANITAIRE POUR LE CENTRE DE SANTE DE MANDJI // MME IRIS/BATIPLUS GABON
;27/11/2025;LE ROI DES CHANTIERS;MATELEC;6.912.665,00;Cash;Validé;CASH LE ROI DES CHANTIERS;;MATELEC;;ACHAT MATERIEL D'ELECTRICITE OKONDJA CHEZ MATELEC  // MME IRIS/ MATELEC
;27/11/2025;LE ROI DES CHANTIERS;TRACET SERVICES BTP;1.200.000,00;Cash;Validé;CASH LE ROI DES CHANTIERS;;TRACET SERVICES BTP;;TRAVAUX DE FAUX PLAFOND EN DALLE ACOUSTIQUE POUR LA STATION GAB OIL OKONDJA  // TRACET SERVICES / M NGOMO
;27/11/2025;LE ROI DES CHANTIERS;NZIENGUI BTP;33.000.000,00;Cash;Validé;CASH LE ROI DES CHANTIERS;;NZIENGUI BTP;;ACHAT MATERIEL DE CONSTRUCTION POUR LES TRAVAUX DU CHANTIER DE MANDJI // M MAGNANGA RODRIGUE/ NZIENGUI BTP
;27/11/2025;LE ROI DES CHANTIERS;LEME-CONSTRUCTION;2.000.000,00;Cash;Validé;CASH LE ROI DES CHANTIERS;;LEME-CONSTRUCTION;;FRAIS POUR RENFORCEMENT DES EFFECTIFS SUR OKONDJA  // M FAYE MAMADOU
;28/11/2025;LE ROI DES CHANTIERS;MADIC INDUSTRIES;18.614.393,00;Virement;Validé;AFG LRC;;MADIC INDUSTRIES;;VIREMENT  REGLEMENT CREDOC LE ROI DES CHANTIERS FAVEUR MADIS INDUSTRIES DE EUR 27.820,00- REGLEMENT CREDOC LE ROI DES CHANTIERS FAVEUR MADIS INDUSTRIES DE EUR 27.820,00
;28/11/2025;LE ROI DES CHANTIERS;PIRIG;4.500.000,00;Chèque;Validé;AFG LRC;;PIRIG;;VIREMENT CHQ NO: 0000712 PAIEMENT CH N 0000712 RECU DE BGFI- PAIEMENT CH N 0000712 RECU DE BGFI
;28/11/2025;LE ROI DES CHANTIERS;SOGAFRIC SERVICES SA;39.166.160,00;Chèque;Validé;AFG LRC;;SOGAFRIC SERVICES SA;;VIREMENT CHQ NO: 0000715 PAIEMENT CH N 0000715 RECU DE BGFI- PAIEMENT CH N 0000712 RECU DE BGFI
;28/11/2025;LE ROI DES CHANTIERS;ELITE PROTECTION SECURITE;4.395.000,00;Chèque;Validé;AFG LRC;;ELITE PROTECTION SECURITE;;VIREMENT CHQ NO: 0000716 PAIEMENT CH N 0000716 RECU DE BGFI- PAIEMENT CH N 0000712 RECU DE BGFI
;28/11/2025;LE ROI DES CHANTIERS;SARL NGT;1.533.149,00;Chèque;Validé;AFG LRC;;SARL NGT;;VIREMENT CHQ NO: 0000744 PAIEMENT CH N 0000744 RECU DE BGFI- PAIEMENT CH N 0000744 RECU DE BGFI
;28/11/2025;LE ROI DES CHANTIERS;MAUVILAC INDUSTRIES AFRICA GABON;35.709.397,00;Chèque;Validé;AFG LRC;;MAUVILAC INDUSTRIES AFRICA GABON;;CHEQUE RECUS CHQ NO: 0000622 CHEQUE RECU NUMERO 0000622-
;28/11/2025;LE ROI DES CHANTIERS;MAUVILAC INDUSTRIES AFRICA GABON;4.913.261,00;Chèque;Validé;AFG LRC;;MAUVILAC INDUSTRIES AFRICA GABON;;CHEQUE RECUS CHQ NO: 0000710 CHEQUE RECU NUMERO 0000710-
;28/11/2025;LE ROI DES CHANTIERS;SOGEM TP;70.000.000,00;Virement;Validé;BGFI LRC;;SOGEM TP;;PAIEMENT AVAL/TRAITE   926931
;28/11/2025;LE ROI DES CHANTIERS;DMH GABON;50.000.000,00;Cash;Validé;CASH LE ROI DES CHANTIERS;;DMH GABON;;REGLEMENT FACTURE DMH GABON POUR ACHAT MATERIEL TOPOGRAPHIQUE  // DMH GABON / M NGOG NLOMNGOI ISIDORE CARDIN 
;28/11/2025;LE ROI DES CHANTIERS;BATIPLUS;11.468.000,00;Cash;Validé;CASH LE ROI DES CHANTIERS;;BATIPLUS;;ACHAT MATERIEL DE CONSTRUCTION POUR LES 10 LOGEMENTS DE MANDJI // BATIPLUS/MME IRIS
;29/11/2025;LE ROI DES CHANTIERS;BERNABE GABON SA;20.800.000,00;Cash;Validé;CASH LE ROI DES CHANTIERS;;BERNABE GABON SA;;ACHAT MATS PROJECTEURS CHEZ BERNABE  // MME ADA LEISA
;29/11/2025;LE ROI DES CHANTIERS;LEME-CONSTRUCTION;10.000.000,00;Cash;Validé;CASH LE ROI DES CHANTIERS;;LEME-CONSTRUCTION;;AVANCE SUR FACTURE POUR DEMMARAGE DES TRAVAUX  // LEME CONSTRUCTION / M BINDOUNDI PAMBOUVABA PRINCE
;29/11/2025;LE ROI DES CHANTIERS;OUSSEYNOU CONSTRUCTION;10.000.000,00;Cash;Validé;CASH LE ROI DES CHANTIERS;;OUSSEYNOU CONSTRUCTION;;AVANCE SUR FACTURE POUR LES TRAVAUX DE CONSTRUCTION PLATEAUX SPORTIF DE MANDJI // OUSSEYNOU CONSTRUCTION / M LEYE ABDOULAYE
;29/11/2025;LE ROI DES CHANTIERS;PLENITUDE GABON SERVICES;5.000.000,00;Cash;Validé;CASH LE ROI DES CHANTIERS;;PLENITUDE GABON SERVICES;;AVANCE SUR FACTURE POUR TRAVAUX DE CONTRUCTIONS // PLENITUDE GABON SERVICES/ M WANET IWANGUI RAVIS HILLE
;01/12/2025;LE ROI DES CHANTIERS;TRACTAFRIC EQUIPMENT GABON;35.845.556,00;Traite;Validé;AFG LRC;;TRACTAFRIC EQUIPMENT GABON;;EFFETS A L'ENCAISSEMENT-REGLEMENT
;01/12/2025;LE ROI DES CHANTIERS;CFAO Comptoir Francais De L'Afrique Occidentale;6.955.144,00;Chèque;Validé;AFG LRC;;CFAO Comptoir Francais De L'Afrique Occidentale;;CHEQUE RECUS CHQ NO: 0000720 CHEQUE RECU NUMERO 0000720-
;01/12/2025;LE ROI DES CHANTIERS;ELITE PROTECTION SECURITE;8.790.000,00;Chèque;Validé;AFG LRC;;ELITE PROTECTION SECURITE;;CHEQUE RECUS CHQ NO: 0000673 CHEQUE RECU NUMERO 0000673-
;01/12/2025;LE ROI DES CHANTIERS;COBEN GABON;20.000.000,00;Cash;Validé;CASH LE ROI DES CHANTIERS;;COBEN GABON;;REGLEMENT FACTURE SOCIETE COBEN/ ACCORD PDG AGANO // M TSIANGOUYOUBA SATURNIN 
;01/12/2025;LE ROI DES CHANTIERS;Construction Nouvelle Horizon;30.000.000,00;Cash;Validé;CASH LE ROI DES CHANTIERS;;Construction Nouvelle Horizon;;AVANCE SUR FACTURE POUR EXECUTION DES TRAVAUX STATION MAKOKOU  // M LUWOMBO DIKAMBALA MERVEILLE/ CONSTRUCTION NOUVELLE HORIZON 
;02/12/2025;LE ROI DES CHANTIERS;TAF AGRO UNIVERSEL;15.000.000,00;Chèque;Validé;AFG LRC;;TAF AGRO UNIVERSEL;;VIREMENT CHQ NO: 0000740 CHEQ NUM.0000740- CHEQ NUM.0000740
;02/12/2025;LE ROI DES CHANTIERS;DIESEL GABON SA;12.337.453,00;Chèque;Validé;ORABANK LRC;;DIESEL GABON SA;;REMISE CHEQUES SBF NOS CAISSES
;02/12/2025;LE ROI DES CHANTIERS;PLENITUDE GABON SERVICES;15.000.000,00;Cash;Validé;CASH LE ROI DES CHANTIERS;;PLENITUDE GABON SERVICES;;AVANCE SUR FACTURE POUR EXECUTION DES TRAVAUX DE CONSTRUCTION  // PLENITUDE GABON SERVICES/ M WANET IMANGUI
;02/12/2025;LE ROI DES CHANTIERS;GABONAISE DE BOIS & NEGOCE;2.500.000,00;Cash;Validé;CASH LE ROI DES CHANTIERS;;GABONAISE DE BOIS & NEGOCE;;ACHAT MATERIEL POUR LES LOGEMENTS ET STATION DE MBIGOU // GABONAISE DE BOIS ET NEGOCE/M MOUSSAVOU
;03/12/2025;LE ROI DES CHANTIERS;PL GABON ENGINEERING;19.000.000,00;Virement;Validé;ORABANK LRC;;PL GABON ENGINEERING;;PL GABON ENGINEERING CHQ 5296151
;03/12/2025;LE ROI DES CHANTIERS;ETF BTP GABON;34.300.000,00;Chèque;Validé;AFG LRC;;ETF BTP GABON;;VIREMENT CHQ NO: 0000739 CHEQ.NUM.0000739- CHEQ.NUM.0000739
;03/12/2025;LE ROI DES CHANTIERS;GRMP - GABONAISE DE REPRESENTATION MATERIELS PETROLIER;5.500.000,00;Cash;Validé;CASH LE ROI DES CHANTIERS;;GRMP - GABONAISE DE REPRESENTATION MATERIELS PETROLIER;;AVANCE 50% POUR LES TRAVAUX DE TUYAUTERIE STATION GAB OIL MINVOUL // M MAMFOUMBI ELVIS FRANCKY / GRMP
;04/12/2025;LE ROI DES CHANTIERS;BERNABE GABON SA;540.000,00;Cash;Validé;CASH LE ROI DES CHANTIERS;;BERNABE GABON SA;;ACHAT BAGUETTE DE SOUDURE POUR LES STATIONS NKUM/ ASSOCK NGOMO ET MINVOUL // BERNABEE /M THIERRY 
;05/12/2025;LE ROI DES CHANTIERS;FOBERD GABON;3.250.000,00;Cash;Validé;CASH LE ROI DES CHANTIERS;;FOBERD GABON;;ACHAT 100 FER DE 16 ET 100 FER DE 20 CHEZ FOBERD POUR TROPIGAB  // FOBERD / M STEPHANE MBIE
;08/12/2025;LE ROI DES CHANTIERS;MADIC INDUSTRIES;202.173.006,00;Virement;Validé;AFG LRC;;MADIC INDUSTRIES;;VIREMENT  REGLEMENT CREDOC LE ROI DES CHANTIERS FAVEUR MADIC INDUSTRIES DE EUR 302.000,00- REGLEMENT CREDOC LE ROI DES CHANTIERS FAVEUR MADIC INDUSTRIES DE EUR 302.000,00
;09/12/2025;LE ROI DES CHANTIERS;SONAMCO;28.000.000,00;Virement;Validé;AFG LRC;;SONAMCO;;VIREMENT  REGLEMENT CH N 0000706 RECU D UBA- REGLEMENT CH N 0000706 RECU D UBA
;09/12/2025;LE ROI DES CHANTIERS;SOGEM TP;74.000.000,00;Chèque;Validé;AFG LRC;;SOGEM TP;;CHEQUE NUMERO CHQ NO: 0000639 CHEQUE N °0000639- CHEQUE N°0000639
;09/12/2025;LE ROI DES CHANTIERS;MADIC INDUSTRIES;87.117.720,00;Virement;Validé;AFG LRC;;MADIC INDUSTRIES;;VIREMENT  REGLEMENT CREDOC LE ROI DES CHANTIERS FAVEUR MADIC INDUSTRIES DE EUR 130.217,50- REGLEMENT CREDOC LE ROI DES CHANTIERS FAVEUR MADIC INDUSTRIES DE EUR 130.217,50
;09/12/2025;LE ROI DES CHANTIERS;FORVIS MAZARS GABON;5.462.100,00;Cash;Validé;CASH LE ROI DES CHANTIERS;;FORVIS MAZARS GABON;;REGLEMENT ESPECE FACTURE FORVIS MAZARSGABON SA/ RETOUR CHEQUE IMPAYE  // FORVIS MAZARS GABON SA / MME LOEMBE MAGANGA PAULE
;10/12/2025;LE ROI DES CHANTIERS;TRACET SERVICES BTP;1.523.830,00;Cash;Validé;CASH LE ROI DES CHANTIERS;;TRACET SERVICES BTP;;REGLEMENT FACTURE POUR TRAVAUX DE FAUX PLAFOND EN DALLE ACOUSTIQUE POUR OYEM  // M NGOME JACQUES BERTRAND /TRACET
;11/12/2025;LE ROI DES CHANTIERS;BAMBA RASSOUL;2.500.000,00;Cash;Validé;CASH LE ROI DES CHANTIERS;;BAMBA RASSOUL;;MAIN D'ŒUVRE POUR REFECTION ETANCHEITE STATION AVORBAM // BAMBA RASSOUL/ M MBAYE ELHADJI MAMADOU
;11/12/2025;LE ROI DES CHANTIERS;BATIPLUS;9.640.700,00;Cash;Validé;CASH LE ROI DES CHANTIERS;;BATIPLUS;;ACHAT MATERIEL DE TUYAUTERIE STATION SERVICE MAKOKOU CHEZ BATIPLUS  // MME IRIS /BATIPLUS
;11/12/2025;LE ROI DES CHANTIERS;LEME-CONSTRUCTION;3.000.000,00;Cash;Validé;CASH LE ROI DES CHANTIERS;;LEME-CONSTRUCTION;;RENFORCEMENT EQUIPE STATION ASSOCK NGOMO // LEME CONSTRUCTION / M OLLOMO ZOUKOUE YONNELL
;12/12/2025;LE ROI DES CHANTIERS;SOGEM TP;198.849.000,00;Traite;Validé;AFG LRC;;SOGEM TP;;EFFETS A L'ENCAISSEMENT-REGLEMENT
;12/12/2025;LE ROI DES CHANTIERS;ECIG ENTREPRISE COMMERCIALE ET INDUSTRIELLE DU GABON;8.009.434,00;Chèque;Validé;AFG LRC;;ECIG ENTREPRISE COMMERCIALE ET INDUSTRIELLE DU GABON;;DEBIT DIVERS CHQ NO: 0000731 CHEQUE N °0000731- CHEQUE N°0000731
;12/12/2025;LE ROI DES CHANTIERS;BERNABE GABON SA;16.571.000,00;Cash;Validé;CASH LE ROI DES CHANTIERS;;BERNABE GABON SA;;ACHAT MATERIEL ELECTRICTE POUR EXTENSION  DU RESEAU BT/HTA SUR OYEM // 4M SERVICES/BERNABE /MME IRIS 
;12/12/2025;LE ROI DES CHANTIERS;BATIPLUS;2.150.000,00;Cash;Validé;CASH LE ROI DES CHANTIERS;;BATIPLUS;;ACHAT MATERIEL POUR LES TRAVAUX DU PK 0 // BATIPLUS/ MME IRIS
;12/12/2025;LE ROI DES CHANTIERS;SRBTP;2.647.000,00;Cash;Validé;CASH LE ROI DES CHANTIERS;;SRBTP;;REGLEMENT MAIN D'ŒUVRE CARRELAGE STATION ASSOCK NGOMO // M THIAM BAGNI PC M TOURE 
;14/12/2025;LE ROI DES CHANTIERS;GEOTECHNIC SUARL;8.000.000,00;Cash;Validé;CASH LE ROI DES CHANTIERS;;GEOTECHNIC SUARL;;REGLEMENT LOYER ET CAUTION POUR LES LOCAUX LRC ET PM SUR POG  // MME CLOE ADA
;15/12/2025;LE ROI DES CHANTIERS;ASHLEY BTP;5.000.000,00;Cash;Validé;CASH LE ROI DES CHANTIERS;;ASHLEY BTP;;ACOMPTE SUR FACTURE /ASHLEY BTP // M MUNDUMILI ERIC/ASHLEY BTP
;16/12/2025;LE ROI DES CHANTIERS;Construction Nouvelle Horizon;656.600,00;Cash;Validé;CASH LE ROI DES CHANTIERS;;Construction Nouvelle Horizon;;ACHAT IPE STATION MINVOUL // MME IRIS 
;16/12/2025;LE ROI DES CHANTIERS;SRBTP;1.954.409,00;Cash;Validé;CASH LE ROI DES CHANTIERS;;SRBTP;;ACHAT PLOMBERIE STATION ASSOCK NGOMO ( TUBE PVC GRIS/BOUCHON MALE /BOUCHON FEMELLE/NOURRICE  // MME IRIS 
;16/12/2025;LE ROI DES CHANTIERS;MATELEC;6.701.000,00;Cash;Validé;CASH LE ROI DES CHANTIERS;;MATELEC;;ACHAT DE 44 LAMPADAIRES POUR LES CHANTIERS DU NORD  // MATELEC/MME IRIS
;16/12/2025;LE ROI DES CHANTIERS;NZIENGUI BTP;9.750.000,00;Cash;Validé;CASH LE ROI DES CHANTIERS;;NZIENGUI BTP;;COMPLEMENT TOITURES DE 07 BATIMENT S DU CENTRE DE SANTE DE MANDJI // M MAGNANGA RODRIGUE/NZIENGUI BTP PLUS
;16/12/2025;LE ROI DES CHANTIERS;OUSSEYNOU CONSTRUCTION;10.000.000,00;Cash;Validé;CASH LE ROI DES CHANTIERS;;OUSSEYNOU CONSTRUCTION;;AVANCE SUR FACTURE POUR LES TRAVAUX DES 10 LOGEMENTS DE MANDJI // M LEYE ABDOULAYE/ OUSSEYNOU CONSTRUCTION
;17/12/2025;LE ROI DES CHANTIERS;GPC;5.000.000,00;Cash;Validé;CASH LE ROI DES CHANTIERS;;GPC;;AVANCE 50% POUR FOURNITURE MATERIEL+POSE MARQUAGE SOL NKUM // M CISSOKO ALFOUSSEYNI /GPC
;18/12/2025;LE ROI DES CHANTIERS;MADIC INDUSTRIES;73.806.082,00;Virement;Validé;AFG LRC;;MADIC INDUSTRIES;;VIREMENT  REGLEMENT CREDOC LE ROI DES CHANTIERS FAVEUR MADIC INDSTRIES DE EUR 110.3129,51- REGLEMENT CREDOC LE ROI DES CHANTIERS FAVEUR MADIC INDSTRIES DE EUR 110.3129,51
;18/12/2025;LE ROI DES CHANTIERS;MADIC INDUSTRIES;262.357.940,00;Virement;Validé;AFG LRC;;MADIC INDUSTRIES;;VIREMENT  REGLEMENT CREDOC LE ROI DES CHANTIERS FAVEUR MADIC INDSTRIES DE EUR 392.163,32- REGLEMENT CREDOC LE ROI DES CHANTIERS FAVEUR MADIC INDSTRIES DE EUR 110.3129,51
;18/12/2025;LE ROI DES CHANTIERS;CIMAF;1.340.000,00;Cash;Validé;CASH LE ROI DES CHANTIERS;;CIMAF;;DEPOT SUR COMPTE CIMAF POUR ACHAT CIMENT POUR LE CHANTIER DE RIO // MME IRIS/CIMAF
;18/12/2025;LE ROI DES CHANTIERS;BATIPLUS;8.500.000,00;Cash;Validé;CASH LE ROI DES CHANTIERS;;BATIPLUS;;ACHAT MATERIEL POUR FABRICATION DES GRILLES DE CANIVEAUX POUR MINVOUL CHEZ BATIPLUS // MME IRIS /BATIPLUS
;18/12/2025;LE ROI DES CHANTIERS;BATIPLUS;12.600.000,00;Cash;Validé;CASH LE ROI DES CHANTIERS;;BATIPLUS;;ACHAT MATERIEL D'ELECTRICITE POUR LA STATION  D'ASSOCK NGOMO // MME IRIS /BATIPLUS
;19/12/2025;LE ROI DES CHANTIERS;GABEX;10.000.000,00;Cash;Validé;CASH LE ROI DES CHANTIERS;;GABEX;;AVANCE SUR TRAVAUX DU PLATEAU SPORTIF DE MINVOUL // GABEX/ M BIBE NANG FRANCKY
;19/12/2025;LE ROI DES CHANTIERS;ETABLISSEMENTS NZE;20.000.000,00;Cash;Validé;CASH LE ROI DES CHANTIERS;;ETABLISSEMENTS NZE;;AVANCE SUR CHEQUE IMPAYE  // ETABLISSEMENT NZE / M NZE FONGANG
;20/12/2025;LE ROI DES CHANTIERS;MAR CARRIERES GABON SUARL;10.000.000,00;Cash;Validé;CASH LE ROI DES CHANTIERS;;MAR CARRIERES GABON SUARL;;ACOMPTE SUR FACTURE POUR ACHAT GNT CHEZ MAR CARRIERE  // M NSUE NSUANGO IGNACIO EMMANUEL
;22/12/2025;LE ROI DES CHANTIERS;AKIM AUTO SERVICES;10.255.813,00;Chèque;Validé;AFG LRC;;AKIM AUTO SERVICES;;DEBIT DIVERS  CHEQUE N°0000737- CHEQUE N °0000737
;22/12/2025;LE ROI DES CHANTIERS;ACCEGS;12.864.000,00;Chèque;Validé;AFG LRC;;ACCEGS;;DEBIT DIVERS  CHEQUE N°0000734- CHEQUE N °0000737
;23/12/2025;LE ROI DES CHANTIERS;MAR CARRIERES GABON SUARL;20.000.000,00;Cash;Validé;CASH LE ROI DES CHANTIERS;;MAR CARRIERES GABON SUARL;;AVANCE SUR FACTURES POUR ACHAT GNT  // MAR CARRIERES / M NSUE NSUANGO IGNACIO MANUEL
;24/12/2025;LE ROI DES CHANTIERS;BLUEBERRY VOYAGE SERVICES;12.125.800,00;Chèque;Validé;AFG LRC;;BLUEBERRY VOYAGE SERVICES;;CHEQUE RECUS CHQ NO: 0000626 CHEQUE RECU NUMERO 0000626-
;24/12/2025;LE ROI DES CHANTIERS;BLUEBERRY VOYAGE SERVICES;-12.125.800,00;Chèque;Validé;AFG LRC;;BLUEBERRY VOYAGE SERVICES;;VIREMENT  CHEQUE IMPAYE NR 0000626 DU 24 12 2025- CHESUE OMP NR 0000626 TIIRE SUR LE ROI DES CHANTIERS
;24/12/2025;LE ROI DES CHANTIERS;INNOVCOM;10.000.000,00;Cash;Validé;CASH LE ROI DES CHANTIERS;;INNOVCOM;;FOURNITURE ET DEPLOIEMEN D'UN RESEAU CIRCUIT ONDULEUR 6KVA ET MONO PRISES ET RESEAU INFORMATIQUE+VIDEO SURVEILLANCE  // INNOV COM/ M DJEDJE KOFFI
;24/12/2025;LE ROI DES CHANTIERS;Construction Nouvelle Horizon;2.565.964,00;Cash;Validé;CASH LE ROI DES CHANTIERS;;Construction Nouvelle Horizon;;ACHAT DES ACCESSOIRES DE TUYAUTERIE STATION MINVOUL // MME ADA
;30/12/2025;LE ROI DES CHANTIERS;MADIC INDUSTRIES;10.711.492,00;Virement;Validé;AFG LRC;;MADIC INDUSTRIES;;VIREMENT  REGLEMENT CREDOC LE ROI DES CHANTIERS FAVEUR MADIC INDUSTRIES DE EUR 15.980,21- REGLEMENT CREDOC LE ROI DES CHANTIERS FAVEUR MADIC INDUSTRIES DE EUR 15.980,21
;30/12/2025;LE ROI DES CHANTIERS;Xuzhou Construction Machinery Group Co., Ltd. (Xcmg);328.685.828,00;Virement;Validé;AFG LRC;;Xuzhou Construction Machinery Group Co., Ltd. (Xcmg);;VIREMENT  REGLEMENT CREDOC LE ROI DES CHANTIERS FAVEUR XUZHOU CONSTRUCTION DE USD 560.799,73 AU COURS DE 574,6750 - REGLEMENT CREDOC LE ROI DES CHANTIERS FAVEUR XUZHOU CONSTRUCTION DE USD 560.799,73 AU COURS DE 574,6750
;30/12/2025;LE ROI DES CHANTIERS;AS TECH PRO - Association des Techniciens Professionnels du Gabon;1.900.000,00;Cash;Validé;CASH LE ROI DES CHANTIERS;;AS TECH PRO - Association des Techniciens Professionnels du Gabon;;REGLEMENT RELIQUAT FACTURE POUR PEINTURE SIEGE UDB // AS TECH PRO/ M KOKOLO NZASI 
;05/01/2026;LE ROI DES CHANTIERS;SRBTP;408.590,00;Cash;Validé;CASH LE ROI DES CHANTIERS;;SRBTP;;PAIEMENT PRESTATION BIG CONSTRUCTION STATION ASSOCK NGOMO M AKODJENOU IBRAHIM KOLAWOLE / BIG CONSTRUCTION
;06/01/2026;LE ROI DES CHANTIERS;EFTC - ENTREPRISE FAMILLE TEMBEKA CONSTRUCTION;760.000,00;Cash;Validé;CASH LE ROI DES CHANTIERS;;EFTC - ENTREPRISE FAMILLE TEMBEKA CONSTRUCTION;;FRAIS D'INTERVENTION POUR BAREMAGE DES CUVES STATION MAKONGONIO M AYMAR KOMBILA/AGANOR
;09/01/2026;LE ROI DES CHANTIERS;EFTC - ENTREPRISE FAMILLE TEMBEKA CONSTRUCTION;300.000,00;Cash;Validé;CASH LE ROI DES CHANTIERS;;EFTC - ENTREPRISE FAMILLE TEMBEKA CONSTRUCTION;;FABRICATION ET POSE DE PORTE PLEINE STATION MAKOKOU MME MEGNOUGA LAURIANNE
;09/01/2026;LE ROI DES CHANTIERS;EFTC - ENTREPRISE FAMILLE TEMBEKA CONSTRUCTION;850.000,00;Cash;Validé;CASH LE ROI DES CHANTIERS;;EFTC - ENTREPRISE FAMILLE TEMBEKA CONSTRUCTION;;REGLEMENT FACTURE FOURNISSEUR DE BRIQUE STATION MAKOKOU MME MEGNOUGA LAURIANNE
;09/01/2026;LE ROI DES CHANTIERS;SOLUGEO;4.000.000,00;Cash;Validé;CASH LE ROI DES CHANTIERS;;SOLUGEO;;AVANCE POUR REGLEMENT DU PRESTATAIRE SOLUGEO POUR L'ACCOMPAGNEMENT GEOTECHNIQUES SUR LES SITES RIO/OYEM /MOUILA/FACTURE TOTAL: 7 485 596 FCFA SOLUGEO/M BIYOGO BI ASSEKO BRUNO
;09/01/2026;LE ROI DES CHANTIERS;ECG BTP CONSTRUCTION;2.000.000,00;Cash;Validé;CASH LE ROI DES CHANTIERS;;ECG BTP CONSTRUCTION;;AVANCE SUR TRAVAUX DES VOIRIES D'OYEM ECG BTP/ M ONA BIYOGHE ANTOINE
;10/01/2026;LE ROI DES CHANTIERS;SRBTP;184.218,00;Cash;Validé;CASH LE ROI DES CHANTIERS;;SRBTP;;ACHAT COMPLEMENTAIRE MATERIEL DE SECURITE POUR LA STATION ASSOCK NGOMO MME FRIDA NGALO
;12/01/2026;LE ROI DES CHANTIERS;ETS SAWADOGO;2.982.000,00;Cash;Validé;CASH LE ROI DES CHANTIERS;;ETS SAWADOGO;;ACHAT DE BRIQUES POPUR LES TRAVAUX DU CHANTIER DE MANDJI AMADOU SAWADOGO/SEVERIN MBA NDONG
;12/01/2026;LE ROI DES CHANTIERS;SRBTP;16.169.939,00;Cash;Validé;CASH LE ROI DES CHANTIERS;;SRBTP;;FOURNITURE COMPLEMENT DE MATERIEL POUR LA TUYAUTERIE DE LA STATION ASSOCK NGOMO DAVUM/BATIPLUS
;12/01/2026;LE ROI DES CHANTIERS;BATI MC EQUIPE;2.400.000,00;Cash;Validé;CASH LE ROI DES CHANTIERS;;BATI MC EQUIPE;;REGLEMENT FACTURE FOURNISSEUR POUR CONSOMMATION MATERIEL DE PLOMBERIE POUR LES TRAVAUX DE LA STATION SERVICE OKONDJA  BATI MC EQUIPE
;12/01/2026;LE ROI DES CHANTIERS;CRISTAL GABON;4.200.000,00;Cash;Validé;CASH LE ROI DES CHANTIERS;;CRISTAL GABON;;FABRICATION ET POSE DES PORTES FRANCAISES FENETRES COULISSANTES CHANTIER MAKOKOU CRISTAL GABON
;12/01/2026;LE ROI DES CHANTIERS;TOYOTA GABON;8.520.862,00;Chèque;Validé;ECOBANK;;TOYOTA GABON;;REF : T01MT97260120004 // DEBIT DIRECT //  // SAISIE CONSERVATOIRE DE CREANCES
;14/01/2026;LE ROI DES CHANTIERS;EFTC - ENTREPRISE FAMILLE TEMBEKA CONSTRUCTION;262.492,00;Cash;Validé;CASH LE ROI DES CHANTIERS;;EFTC - ENTREPRISE FAMILLE TEMBEKA CONSTRUCTION;;ACHAT MATERIEL DE TUYAUTERIE STATION MAKONGONIO MME FRIDA NGALO
;14/01/2026;LE ROI DES CHANTIERS;ORCA DECO;879.800,00;Cash;Validé;CASH LE ROI DES CHANTIERS;;ORCA DECO;;ACHAT DE 2 POUBELLES EN PLASTIQUES DE 1100 L ORCA
;14/01/2026;LE ROI DES CHANTIERS;TRACET SERVICES BTP;1.119.000,00;Cash;Validé;CASH LE ROI DES CHANTIERS;;TRACET SERVICES BTP;;MAIN D'ŒUVRE POUR TRAVAUX DE FAUX PLAFONDS EN DALLE ACOUSTIQUE STATION SERVICE DE MAKOKOU TRACET SERVICES/ M NGOME JACQUES BERTRAND
;15/01/2026;LE ROI DES CHANTIERS;EFTC - ENTREPRISE FAMILLE TEMBEKA CONSTRUCTION;2.315.300,00;Cash;Validé;CASH LE ROI DES CHANTIERS;;EFTC - ENTREPRISE FAMILLE TEMBEKA CONSTRUCTION;;PAIEMENT RELIQUAT FACTURE PRESTATAIRE GRMP POUR LES TRAVAUX DE LA STATION DE MINVOUL GRMP/ M MAMFOUMBI ELVIS FRANCKY
;15/01/2026;LE ROI DES CHANTIERS;KORUM;10.000.000,00;Cash;Validé;CASH LE ROI DES CHANTIERS;;KORUM;;ACOMPTE SUR FACTURE / PAIEMENT ESPECE  KORUM/MME NZE EP MEDOUX SOLANGE
;16/01/2026;LE ROI DES CHANTIERS;ETABLISSEMENTS NZE;9.131.680,00;Cash;Validé;CASH LE ROI DES CHANTIERS;;ETABLISSEMENTS NZE;;DEUXIEME AVANCE SUR CHEQUE IMPAYE  ETABLISSEMENT NZE / M NZE FONGANG ARMAND
;16/01/2026;LE ROI DES CHANTIERS;SSPG;4.200.000,00;Cash;Validé;CASH LE ROI DES CHANTIERS;;SSPG;;REGLEMENT RELIQUAT FACTURE SSPG MME OYANE MVE CAROLE SARA
;17/01/2026;LE ROI DES CHANTIERS;ALPH TECH SERVICE GABON (ASG);1.000.000,00;Cash;Validé;CASH LE ROI DES CHANTIERS;;ALPH TECH SERVICE GABON (ASG);;REFECTION COMPLETE DES BUREAUX DE TROPIGAB  ALPH TECH SERVICE GABON /M NZIENGUI GUY ROGER
;19/01/2026;LE ROI DES CHANTIERS;BATIPLUS;6.930.400,00;Cash;Validé;CASH LE ROI DES CHANTIERS;;BATIPLUS;;ACHAT FER DE 8/10/12/14 POUR LE MUR DE SOUTENEMENT DE RIO MME FRIDA NGALO
;19/01/2026;LE ROI DES CHANTIERS;BATIPLUS;990.000,00;Cash;Validé;CASH LE ROI DES CHANTIERS;;BATIPLUS;;ACHAT DE PEINTURE POUR LE MARQUAGE DES BORDURES PK0-PK5 MME FRIDA NGALO
;19/01/2026;LE ROI DES CHANTIERS;MOHAMED SERVICE;430.000,00;Cash;Validé;CASH LE ROI DES CHANTIERS;;MOHAMED SERVICE;;REGLEMENT FACTURE POUR LES TRAVAUX EFFECTUE SUR LA BETONNIERE ET REVISION MOTEUR TROPIGAB MOHAMED SERVICE/ MME MBENGUA MURIELLE
;19/01/2026;LE ROI DES CHANTIERS;SB BOIS;2.340.000,00;Cash;Validé;CASH LE ROI DES CHANTIERS;;SB BOIS;;ACHAT BOIS POUR LE MUR DE SOUTENEMENT DE RIO MME FRIDA NGALO
;19/01/2026;LE ROI DES CHANTIERS;Sté ZCS-Zane Construction Services;3.703.000,00;Cash;Validé;CASH LE ROI DES CHANTIERS;;Sté ZCS-Zane Construction Services;;REGLEMENT FACTURE POUR LIVRAISON PREMIERE VAGUE DE FERMETURE CANIVEAU PK0-PK5 STE ZCS/ M ZANE HAROUNA
;19/01/2026;LE ROI DES CHANTIERS;GENITECH CONSTRUCTION;4.200.000,00;Cash;Validé;CASH LE ROI DES CHANTIERS;;GENITECH CONSTRUCTION;;REGLEMENT FACTURE POUR LIVRAISON BORDURES T2 PK0-PK5 GENIE TECH / M OYADOKUN BENJAMIN
;20/01/2026;LE ROI DES CHANTIERS;BATIPLUS;338.000,00;Cash;Validé;CASH LE ROI DES CHANTIERS;;BATIPLUS;;ACHAT DISJONCTEUR ET INTERDIFFERENCIEL POUR LA DAS TROPIGAB  MME FRIDA NGALO
;21/01/2026;LE ROI DES CHANTIERS;BERNABE GABON SA;311.621,00;Cash;Validé;CASH LE ROI DES CHANTIERS;;BERNABE GABON SA;;ACHAT PIECE DE RECHANGE DU DEMARREUR  POUR LE CRASHEUR DE MOUILA  BERNABE GABON / MME FRIDA NGALO
;21/01/2026;LE ROI DES CHANTIERS;BATIPLUS;147.800,00;Cash;Validé;CASH LE ROI DES CHANTIERS;;BATIPLUS;;ACHAT MATERIEL POUR SECURISER LE PORTAIL ET LE MATERIEL DU CHANTIER PK0-GARE ROUTIERE MME FRIDA NGALO
;21/01/2026;LE ROI DES CHANTIERS;QUINCAILLERIE SEBE;556.200,00;Cash;Validé;CASH LE ROI DES CHANTIERS;;QUINCAILLERIE SEBE;;ACHAT MATERIEL DE QUINCAILLERIE POUR REPARATION TOITURE BUREAU ET ZONE DE STOCKAGE CHANTIER OKONDJA  QUINCAILLERIE SEBE/ M BORIS MICKOTO
;21/01/2026;LE ROI DES CHANTIERS;SOCIETE GENERALE DES MINES;988.800,00;Cash;Validé;CASH LE ROI DES CHANTIERS;;SOCIETE GENERALE DES MINES;;ACHAT DE 06 CAMIONS DE SABLE DE RIVIERE POUR LE CHANTIER RIO SOCIETE GENERALE DES MINES/SIMEON DELWENDE
;21/01/2026;LE ROI DES CHANTIERS;ASHLEY BTP;5.000.000,00;Cash;Validé;CASH LE ROI DES CHANTIERS;;ASHLEY BTP;;ACOMPTE SUR FACTURE  M ERIC MUDUMILI/ASHLEY BTP
;22/01/2026;LE ROI DES CHANTIERS;MEGADOR SARL;5.622.750,00;Cash;Validé;CASH LE ROI DES CHANTIERS;;MEGADOR SARL;;ACHAT 45 M3 DE  BETON DOSE A 350 KG POUR LES TRAVAUX DU TRONCON RIO-PK5 MEGADOR BETON / MME FRIDA NGALO
;22/01/2026;LE ROI DES CHANTIERS;SOCIETE GENERALE DES MINES;1.600.000,00;Cash;Validé;CASH LE ROI DES CHANTIERS;;SOCIETE GENERALE DES MINES;;ACHAT DE SABLE DE RIVIERE POUR RIO  SGM/MME FRIDA NGALO
;22/01/2026;LE ROI DES CHANTIERS;SRBTP;1.045.000,00;Cash;Validé;CASH LE ROI DES CHANTIERS;;SRBTP;;ACHAT CORNIERES DE 10 POUR LA STATION ASSOCK NGOMO BERNABE GABON
;23/01/2026;LE ROI DES CHANTIERS;SARL PRIMEDIA GABON;10.000.000,00;Cash;Validé;CASH LE ROI DES CHANTIERS;;SARL PRIMEDIA GABON;;REGLEMENT AVANCE POUR LES TRAVAUX DES FAUX PLAFONDS EXTERIEURS STATION SERVICE  PRIMEDIA/M MAYOMBO  MBOUALA ROLAND
;23/01/2026;LE ROI DES CHANTIERS;BERNABE GABON SA;10.888.500,00;Cash;Validé;CASH LE ROI DES CHANTIERS;;BERNABE GABON SA;;FOUNITURE  CONTRE PLAQUET BAKELISE C1220X2440-15 POUR MOUILA  MME FRIDA NGALO
;23/01/2026;LE ROI DES CHANTIERS;ETABLISSEMENT CHANEL;1.148.250,00;Cash;Validé;CASH LE ROI DES CHANTIERS;;ETABLISSEMENT CHANEL;;REGLEMENT RELIQUAT FACTURE POUR FOURNITURE DE SENTEURS  SOCIETE CHANEL/ MAITRE BIBANG BI ZANG LEONNEL GEOSPIN
;23/01/2026;LE ROI DES CHANTIERS;SB BOIS;1.478.000,00;Cash;Validé;CASH LE ROI DES CHANTIERS;;SB BOIS;;ACHAT DE MATERIEL DE QUINCAILLERIE POUR LE MUR DE SOUTENEMENT DE RIO( 2 paquets de pointes/290 chevrons de 4 M) MME FRIDA NGALO
;23/01/2026;LE ROI DES CHANTIERS;Entreprise Gabonaise des Ventes (EGV);440.000,00;Cash;Validé;CASH LE ROI DES CHANTIERS;;Entreprise Gabonaise des Ventes (EGV);;COMPLEMENT DE MATERIEL POUR LE FAUX PLAFOND DE LA STATION DE MAKOKOU MME FRIDA NGALO
;23/01/2026;LE ROI DES CHANTIERS;CRISTAL GABON;6.500.000,00;Cash;Validé;CASH LE ROI DES CHANTIERS;;CRISTAL GABON;;FABRICATION ET POSE BAIES VITRES SUR MAKOKOU CRISTAL GABON /M NZOUANGA MICAEL
;23/01/2026;LE ROI DES CHANTIERS;SCRS SARL;10.468.513,00;Cash;Validé;CASH LE ROI DES CHANTIERS;;SCRS SARL;;FOURNITURE ET INSTALLATION EXTINCTEURS ET SIGNALETIQUES HOMOLOGUES STATION MAKOKOU SCRS SARL/M TARABAY FAYSAL
;24/01/2026;LE ROI DES CHANTIERS;SOLUGEO;1.961.800,00;Cash;Validé;CASH LE ROI DES CHANTIERS;;SOLUGEO;;ETUDES GEOTECHNIQUES STATION GAB OIL DE KANGO SOLUGEO/M BIYOGO BI ASSEKO BRUNO
;24/01/2026;LE ROI DES CHANTIERS;BRICOLAGE BATIMENT GABON;1.865.250,00;Cash;Validé;CASH LE ROI DES CHANTIERS;;BRICOLAGE BATIMENT GABON;;COMPLEMENT DE MATERIEL D'ELECTRICITE POUR LA MAISON DU GERANT STATION MAKOKOU MME FRIDA NGALO
;24/01/2026;LE ROI DES CHANTIERS;BATIPLUS;739.450,00;Cash;Validé;CASH LE ROI DES CHANTIERS;;BATIPLUS;;ACHAT DE TOLES PLANES ET CORNIERES POUR MAKOKOU MME FRIDA NGALO
;28/01/2026;LE ROI DES CHANTIERS;SODIM TP;121.500,00;Cash;Validé;CASH LE ROI DES CHANTIERS;;SODIM TP;;VIDANGE COMPLETE ET CONTRÔLE DU NIVEAU DE GRAISSAGE DU CANTER ISUZU LV 386 AA POUR TRANSPORT DU PERSONNEL D'OYEM M MBENANGOYE LANDRY
;28/01/2026;LE ROI DES CHANTIERS;ENTREPRISE DANSOKO;2.300.000,00;Cash;Validé;CASH LE ROI DES CHANTIERS;;ENTREPRISE DANSOKO;;REGLEMENT RELIQUAT FACTURE POUR POSE ET PEINTURE DES BANCS PUBLICS DE NKUM ENTREPRISE DANSOKO/M NAMORY DANSOKO
;28/01/2026;LE ROI DES CHANTIERS;IIMH SERVICES SARL;1.300.000,00;Cash;Validé;CASH LE ROI DES CHANTIERS;;IIMH SERVICES SARL;;REGLEMENT MAIN D'ŒUVRE POUR LES TRAVAUX COMPLEMENTAIRES REALISES A  LA STATION AVORBAM IIMH/M MBELA ARMEL
;28/01/2026;LE ROI DES CHANTIERS;ETS HABZ;4.592.500,00;Cash;Validé;CASH LE ROI DES CHANTIERS;;ETS HABZ;;ACHAT MATERIEL POUR LA POURSUITE DES TRAVAUX DE LA BASE VIE D'ASSOCK NGOMO  ETS HABZ/M GUY ROGER/M THIBAUT MBAZELE
;28/01/2026;LE ROI DES CHANTIERS;PIRIG;4.500.000,00;Cash;Validé;CASH LE ROI DES CHANTIERS;;PIRIG;;REGLEMENT MAIN D'ŒUVRE TRAVAUX DE 2 CANOPYS A MAKONGONIO PIRIG/ M FONDJO ROGER
;29/01/2026;LE ROI DES CHANTIERS;SRBTP;1.511.850,00;Cash;Validé;CASH LE ROI DES CHANTIERS;;SRBTP;;ACHAT PETIT MATERIEL DE PLOMBERIE POUR LA STATION ASSOCK NGOMO MME FRIDA
;29/01/2026;LE ROI DES CHANTIERS;LES MATERIAUX REUNIS SA;10.561.716,00;Cash;Validé;CASH LE ROI DES CHANTIERS;;LES MATERIAUX REUNIS SA;;MAINTENANCE CAMIONS DE LA NGOUNIE ET WOLEU NTEM SUR LBV MME FRIDA
;29/01/2026;LE ROI DES CHANTIERS;BATIPLUS;3.598.160,00;Cash;Validé;CASH LE ROI DES CHANTIERS;;BATIPLUS;;FOURNITURE MATERIEL DE SOUDURE POUR LA STATION SERVICE D'ASSOCK NGOMO MME FRIDA
;29/01/2026;LE ROI DES CHANTIERS;GABON MECA;1.522.646,00;Cash;Validé;CASH LE ROI DES CHANTIERS;;GABON MECA;;FOURNITURE DE BUREAU DIRECTION GENERALE LRC MME FRIDA
;30/01/2026;LE ROI DES CHANTIERS;TOYOTA GABON;31.628.825,00;Virement;Validé;BGFI LRC;;TOYOTA GABON;;PROV ATD TOYOTA/ROI DES CHANTI
;04/02/2026;LE ROI DES CHANTIERS;MBIRA TRACKER;1.400.000,00;Cash;Validé;CASH LE ROI DES CHANTIERS;;MBIRA TRACKER;;INSTALLATION DE TRACEUR GPS SUR 70 CAMIONS DE LA FLOTTE PL LRC MBIRA TRACKER /MME NSA EDOU LYTH CORNELIA
;05/02/2026;LE ROI DES CHANTIERS;Entreprise Gabonaise des Ventes (EGV);117.000,00;Cash;Validé;CASH LE ROI DES CHANTIERS;;Entreprise Gabonaise des Ventes (EGV);;ACHAT CARREAUX MAISON PERCEPTEUR MALINGA  MME FRIDA NGALO
;06/02/2026;LE ROI DES CHANTIERS;GENELEC;489.090,00;Cash;Validé;CASH LE ROI DES CHANTIERS;;GENELEC;;ACHAT MATERIEL (cable alu torsade/cables aeriens torsades/connecteur kz/manchons/accessoires de raccordements) POUR REPARATION POTEAUX ELECTRIQUES A BESSIEUX  MME FRIDA NGALO
;06/02/2026;LE ROI DES CHANTIERS;BATIPLUS;508.500,00;Cash;Validé;CASH LE ROI DES CHANTIERS;;BATIPLUS;;ACHAT COMPLEMENT DE MATERIEL POUR LES AUVANTS DE LA STATION AVORBAM MME FRIDA NGALO
;06/02/2026;LE ROI DES CHANTIERS;BATIPLUS;652.500,00;Cash;Validé;CASH LE ROI DES CHANTIERS;;BATIPLUS;;FOURNITURE MATERIEL POUR LES TRAVAUX DE CREPISSAGE DU MUR DE SOUTENEMENT DE LA STATION MAKOKOU MME FRIDA NGALO
;06/02/2026;LE ROI DES CHANTIERS;CRISTAL GABON;3.780.000,00;Cash;Validé;CASH LE ROI DES CHANTIERS;;CRISTAL GABON;;AVANCE 60%  POUR FABRICATION ET POSE BAIES VITREES  MAISON DU GERANT STATION MAKOKOU CRYSTAL GABON / M NZOUANGA BENJAMIN MICAEL
;06/02/2026;LE ROI DES CHANTIERS;CRISTAL GABON;7.200.000,00;Cash;Validé;CASH LE ROI DES CHANTIERS;;CRISTAL GABON;;AVANCE DE 60% POUR FABRICATION ET POSE BAIES VITREES STATION OKONDJA  CRYSTAL GABON / M NZOUANGA BENJAMIN MICAEL
;07/02/2026;LE ROI DES CHANTIERS;SCRS SARL;4.030.000,00;Cash;Validé;CASH LE ROI DES CHANTIERS;;SCRS SARL;;PAIEMENT 50% MAIN D'ŒUVRE POUR REALISATION DE LA SIGNALETIQUE STATION OKONDJA  SCRS SARL/M TARABAY FAYSAL
;07/02/2026;LE ROI DES CHANTIERS;BATIPLUS;11.891.250,00;Cash;Validé;CASH LE ROI DES CHANTIERS;;BATIPLUS;;FOURNITURE DE MATERIEL POUR LES TRAVAUX DE CARRELAGE/SOUDURE ET PLOMBERIE STATION OKONDJA  BATIPLUS/GELANY EQUIPE/MAISON ET MATERIAUX GABON / MME FRIDA NGALO
;07/02/2026;LE ROI DES CHANTIERS;Dominique BTP;801.000,00;Cash;Validé;CASH LE ROI DES CHANTIERS;;Dominique BTP;;REGLEMENT FACTURE POUR POSE CARRELAGE STATION SERVICE OKONDJA  DOMINIQUE BTP
;07/02/2026;LE ROI DES CHANTIERS;ESTHETIQUE MEUBLE;762.500,00;Cash;Validé;CASH LE ROI DES CHANTIERS;;ESTHETIQUE MEUBLE;;AVANCE 50 % POUR ACHAT MATERIEL DE MENUISERIE POUR FABRICATION PORTE DE TOILETTE ET COMPTOIR POUR LA STATION SERVICE D'OKONDJA  ESTHETIQUE MEUBLES
;09/02/2026;LE ROI DES CHANTIERS;GABON AUTOSUR;1.239.920,00;Cash;Validé;CASH LE ROI DES CHANTIERS;;GABON AUTOSUR;;PAIEMENT FRAIS DE RENOUVELLEMENT DES VISITES TECHNIQUES DES CAMIONS POIDS LOURDS DU ROI DES CHANTIERS  MME FRIDA NGALO
;10/02/2026;LE ROI DES CHANTIERS;BAMBA RASSOUL;2.000.000,00;Cash;Validé;CASH LE ROI DES CHANTIERS;;BAMBA RASSOUL;;AVANCE SUR SOLDE GLOBAL DE FACTURE POUR LES TRAVAUX SUR MALINGA  BAMBA RASSOUL/MME MONDAVWANDY YI REMBOGO LOIS
;10/02/2026;LE ROI DES CHANTIERS;HOTEL LAC BLEU;8.000.000,00;Cash;Validé;CASH LE ROI DES CHANTIERS;;HOTEL LAC BLEU;;AVANCE SUR FACTURE FRAIS D'HEBERGMENT COLLABORATEURS MAROCAINS A L'HOTEL LAC BLEU  HOTEL LAC BLEU/ M BOUANDO MAPORO ALEX FREDDY
;10/02/2026;LE ROI DES CHANTIERS;Société Gabonaise de Sécurité Industrielle;2.273.239,00;Cash;Validé;CASH LE ROI DES CHANTIERS;;Société Gabonaise de Sécurité Industrielle;;FOURNITURE MATERIEL DE SECURITE ROUTIERE ( boites à pharmacie / triangle/calle metallique/bandes /exctincteurs) POUR LES CAMIONS DU PROJET GOC MME FRIDA
;10/02/2026;LE ROI DES CHANTIERS;2GM-Gabon Général Maintenance;3.300.000,00;Cash;Validé;CASH LE ROI DES CHANTIERS;;2GM-Gabon Général Maintenance;;INSTALLATION DES KITS LIMITATEURS DE VITESSES SUR LES MOYENS ROULANTS  2GM/M MBOUMBA JONATHAN
;10/02/2026;LE ROI DES CHANTIERS;PME local;1.885.827,00;Cash;Validé;CASH LE ROI DES CHANTIERS;;PME local;;ACHAT PAVES POUR AIRE DE CIRCULATION PLATEAUX SPORTIF MANDJI PME LOCAL
;10/02/2026;LE ROI DES CHANTIERS;BATIPLUS;1.372.590,00;Cash;Validé;CASH LE ROI DES CHANTIERS;;BATIPLUS;;ACHAT MATERIEL D'ELECTRICITE PLATEAU SPORTIF DE MANDJI MME FRIDA
;10/02/2026;LE ROI DES CHANTIERS;SB BOIS;6.378.500,00;Cash;Validé;CASH LE ROI DES CHANTIERS;;SB BOIS;;FOURNITURE CONTREPLAQUETS ET CORNICHES POUR LES TRAVAUX DE PLAFOND DES 10 LOGEMENTS DE MANDJI MME FRIDA
;10/02/2026;LE ROI DES CHANTIERS;EFTC - ENTREPRISE FAMILLE TEMBEKA CONSTRUCTION;427.091,00;Cash;Validé;CASH LE ROI DES CHANTIERS;;EFTC - ENTREPRISE FAMILLE TEMBEKA CONSTRUCTION;;ACHAT MATERIAUX POUR LA CUVE ET LA BAIE DE GRAISSAGE STATION MAKONGONIO MME FRIDA
;10/02/2026;LE ROI DES CHANTIERS;EFTC - ENTREPRISE FAMILLE TEMBEKA CONSTRUCTION;140.000,00;Cash;Validé;CASH LE ROI DES CHANTIERS;;EFTC - ENTREPRISE FAMILLE TEMBEKA CONSTRUCTION;;PAIEMENT FOURNITURE PAREFLAMMES DE LA CUVE STATION MAKONGONIO LGTI/ M ELVIS TEVIS KOUMAMOTO
;10/02/2026;LE ROI DES CHANTIERS;EFTC - ENTREPRISE FAMILLE TEMBEKA CONSTRUCTION;2.996.202,00;Cash;Validé;CASH LE ROI DES CHANTIERS;;EFTC - ENTREPRISE FAMILLE TEMBEKA CONSTRUCTION;;ACHAT MATERIAUX POUR LA BAIE DE GRAISSAGE STATION MAKONGONIO MME FRIDA
;10/02/2026;LE ROI DES CHANTIERS;PME local;4.500.000,00;Cash;Validé;CASH LE ROI DES CHANTIERS;;PME local;;ACHAT CIMENT POUR TRAVAUX DE  DALLAGE ENTREE STATION MAKOKOU PME LOCAL
;10/02/2026;LE ROI DES CHANTIERS;PIECES EQUIP'AUTO SA;3.198.720,00;Cash;Validé;CASH LE ROI DES CHANTIERS;;PIECES EQUIP'AUTO SA;;ACHATS DE PNEUS POUR REMPLACEMENT SUR 5 CAMIONS CANTERS TRANSPORTANT LE PERSONNEL D'OYEM PIECES EQUIP AUTO
;11/02/2026;LE ROI DES CHANTIERS;GELANY EQUIPE;2.405.000,00;Cash;Validé;CASH LE ROI DES CHANTIERS;;GELANY EQUIPE;;ACHAT MATERIEL POUR TRAVAUX DE COFFRAGE PK0 MME WORA
;11/02/2026;LE ROI DES CHANTIERS;EFTC - ENTREPRISE FAMILLE TEMBEKA CONSTRUCTION;263.750,00;Cash;Validé;CASH LE ROI DES CHANTIERS;;EFTC - ENTREPRISE FAMILLE TEMBEKA CONSTRUCTION;;COMPLEMENT DE CARBURANT DU LK 675 AA AA POUR TRANSPORT MATERIEL DE LA STATION MAKONGONIO M MABICKA CHRIST
;17/02/2026;LE ROI DES CHANTIERS;LES MATERIAUX REUNIS SA;2.028.000,00;Cash;Validé;CASH LE ROI DES CHANTIERS;;LES MATERIAUX REUNIS SA;;ACHAT MATERIEL DE FERRONNERIE POUR LA STATION OKONDJA  MME FRIDA NGALO
;18/02/2026;LE ROI DES CHANTIERS;BATIPLUS;2.944.009,00;Cash;Validé;CASH LE ROI DES CHANTIERS;;BATIPLUS;;ACHAT MATERIEL POUR L'ENTRETIEN DU CONCASSEUR DE LA CARRIERE D'ENDOME  MME FRIDA
;18/02/2026;LE ROI DES CHANTIERS;BRICORAMA;1.092.600,00;Cash;Validé;CASH LE ROI DES CHANTIERS;;BRICORAMA;;ACHAT MATERIEL DE PLOMBERIE RADIO 9 MME FRIDA
;18/02/2026;LE ROI DES CHANTIERS;LEME-CONSTRUCTION;10.000.000,00;Cash;Validé;CASH LE ROI DES CHANTIERS;;LEME-CONSTRUCTION;;AVANCE SUR FACTURE POUR TRAVAUX DE CONSTRUCTIONS DIVERS  LEME CONSTRUCTIONS/ M MAMADOU FAYE
;18/02/2026;LE ROI DES CHANTIERS;OUSSEYNOU CONSTRUCTION;10.000.000,00;Cash;Validé;CASH LE ROI DES CHANTIERS;;OUSSEYNOU CONSTRUCTION;;AVANCE SUR FACTURE POUR TRAVAUX DE CONSTRUCTIONS DIVERS  OUSSEYNOU CONSTRUCTIONS
;18/02/2026;LE ROI DES CHANTIERS;Construction Nouvelle Horizon;20.000.000,00;Cash;Validé;CASH LE ROI DES CHANTIERS;;Construction Nouvelle Horizon;;AVANCE SUR FACTURE POUR TRAVAUX DE CONSTRUCTIONS DIVERS  CONSTRUCTIONS NOUVELLES HORIZONS / M LUWOMBO DIKAMBALA MERVEILLE
;19/02/2026;LE ROI DES CHANTIERS;DAVUM GABON SA;7.875.696,00;Cash;Validé;CASH LE ROI DES CHANTIERS;;DAVUM GABON SA;;FOURNITURE MATERIEL ET ACCESSOIRES DE PEINTURE POUR LA STATION OKONDJA  MME FRIDA NGALO
;19/02/2026;LE ROI DES CHANTIERS;MEGADOR SARL;1.249.500,00;Cash;Validé;CASH LE ROI DES CHANTIERS;;MEGADOR SARL;;FOURNITURE DE 10M3 DE BETON POUR LES TRAVAUX DE COULAGE DES CANIVEAUX STATION AVORBAM MME WORA DORIS
;19/02/2026;LE ROI DES CHANTIERS;BATIPLUS;690.000,00;Cash;Validé;CASH LE ROI DES CHANTIERS;;BATIPLUS;;ACHAT VERNIS ANTAC /CUVES  POUR ALIMENTATION GROUPE ELECTROGENE  RIO MME WORA DORIS
;19/02/2026;LE ROI DES CHANTIERS;MEGADOR SARL;1.249.500,00;Cash;Validé;CASH LE ROI DES CHANTIERS;;MEGADOR SARL;;FOURNITURE DE 10M3 DE BETON POUR LES TRAVAUX DE RIO  MME WORA DORIS
;19/02/2026;LE ROI DES CHANTIERS;ECG BTP CONSTRUCTION;3.000.000,00;Cash;Validé;CASH LE ROI DES CHANTIERS;;ECG BTP CONSTRUCTION;;AVANCE EXCEPTIONNEL SUR LES TRAVAUX DES VOIRIES OYEM  ECG BTP CONSTRUCTION/ M ONA BIYOGHE  ANTOINE
;19/02/2026;LE ROI DES CHANTIERS;ETABLISSEMENTS NZE;10.000.000,00;Cash;Validé;CASH LE ROI DES CHANTIERS;;ETABLISSEMENTS NZE;;SOLDE CHEQUE IMPAYE AFG N 0000631 ETABLISSEMENT NZE/ NZE FONGANG ARMAND
;19/02/2026;LE ROI DES CHANTIERS;HARIOM TRAVELS;22.458.000,00;Cash;Validé;CASH LE ROI DES CHANTIERS;;HARIOM TRAVELS;;ACHAT DE 38 BILLETS D'AVIONS POUR LE DEPARTS DE  38 COLLABORATEURS MAROCAINS  HARIOM TRAVELS / M GHANDI CHIRAG ASHOKKUMAR
;20/02/2026;LE ROI DES CHANTIERS;CRISTAL GABON;690.000,00;Cash;Validé;CASH LE ROI DES CHANTIERS;;CRISTAL GABON;;FABRICATION ET POSE DE PORTES FENETRES A LA FRANCAISE /OKONDJA CRISTAL GABON /M NZOUANGA BENJAMIN MICAEL
;20/02/2026;LE ROI DES CHANTIERS;CRISTAL GABON;3.500.000,00;Cash;Validé;CASH LE ROI DES CHANTIERS;;CRISTAL GABON;;AVANCE SUR RELIQUAT FACTURE POUR POSE DES CLOISONS AVEC PORTES FENETRES COULISSANTES ET PORTES FRANCAISES OKONDJA  CRISTAL GABON /M NZOUANGA BENJAMIN MICAEL
;20/02/2026;LE ROI DES CHANTIERS;INNOVCOM;4.900.000,00;Cash;Validé;CASH LE ROI DES CHANTIERS;;INNOVCOM;;AVANCE SUR RELIQUAT FACTURE POUR PRESTATION INNOV COM  OKONDJA  INNOV COM/ M DJEDJE KOFFI
;20/02/2026;LE ROI DES CHANTIERS;CEO METROLOGIE;3.500.000,00;Cash;Validé;CASH LE ROI DES CHANTIERS;;CEO METROLOGIE;;REGLEMENT  RELIQUAT FACTURE POUR TRAVAUX DE TUYAUTERIE HYDRAULIQUE SUR OKONDJA  CEO METROLOGIE/M KOUMAMOTOTO ELVIS STEVIS
;20/02/2026;LE ROI DES CHANTIERS;SCRS SARL;3.000.000,00;Cash;Validé;CASH LE ROI DES CHANTIERS;;SCRS SARL;;REGLEMENT  RELIQUAT FACTURE POUR TRAVAUX DE SIGNALETIQUE  SUR OKONDJA  SCRS SARL/ M TARABAY FAYSAL
;20/02/2026;LE ROI DES CHANTIERS;ASAPH ENERGY & SERVICES;3.000.000,00;Cash;Validé;CASH LE ROI DES CHANTIERS;;ASAPH ENERGY & SERVICES;;AVANCE SUR RELIQUAT FACTURE POUR LES TRAVAUX D'ELECTRICITE SUR  OKONDJA  ASAPH/ M OLOOLO SAMUEL
;24/02/2026;LE ROI DES CHANTIERS;GELANY EQUIPE;860.000,00;Cash;Validé;CASH LE ROI DES CHANTIERS;;GELANY EQUIPE;;ACHAT DE 20 TREILLIS SOUDER POUR LES TRAVAUX PK0 MME FRIDA NGALO
;05/03/2026;LE ROI DES CHANTIERS;TOTAL ENERGIES MARKETING GABON;1.161.500,00;Cash;Validé;CASH LE ROI DES CHANTIERS;;TOTAL ENERGIES MARKETING GABON;;ACHAT DE 2000 L DE CARBURANT POUR LES ENGINS DE OKONDJA STATION
;05/03/2026;LE ROI DES CHANTIERS;LV EQUIPEMENT SERVICE;6.007.136,00;Cash;Validé;CASH LE ROI DES CHANTIERS;;LV EQUIPEMENT SERVICE;;TRAITEMENT DES NON CONFORMITE SUR LES ENGINS ET CAMIONS POUR LE PROJET GOC MBOUMBA ET AKONDO MME FRIDA
;05/03/2026;LE ROI DES CHANTIERS;CRISTAL GABON;5.000.000,00;Cash;Validé;CASH LE ROI DES CHANTIERS;;CRISTAL GABON;;FABRICATION DES PORTES ET FENETRES COULISSANTES POUR LA STATION DE MAKONGONIO CRISTAL GABON / M NZOUANGA MICAEL
;06/03/2026;LE ROI DES CHANTIERS;PEPE DECORS;1.579.130,00;Cash;Validé;CASH LE ROI DES CHANTIERS;;PEPE DECORS;;FOURNITURE PANNEAUX POUR LE PROJET GOC MBOUMBA ET AKONDO MME FRIDA NGALO
;06/03/2026;LE ROI DES CHANTIERS;3D DEVELOPPEMENT;10.000.000,00;Cash;Validé;CASH LE ROI DES CHANTIERS;;3D DEVELOPPEMENT;;DEPOT SUR LE COMPTE DU FOURNISSEUR 3D DEVELOPPEMENT  MME DANNA
;06/03/2026;LE ROI DES CHANTIERS;ENTREPRISE DANSOKO;1.500.000,00;Cash;Validé;CASH LE ROI DES CHANTIERS;;ENTREPRISE DANSOKO;;REGLEMENT FACTURE POUR FOURNITURE 10  BANCS PUBLICS PK0 ETS DANSOKO
;07/03/2026;LE ROI DES CHANTIERS;ELITE PROTECTION SECURITE;10.000.000,00;Cash;Validé;CASH LE ROI DES CHANTIERS;;ELITE PROTECTION SECURITE;;PAIEMENT FACTURE SOCIETE ELITE PROTECTION SECURITE  DEC ET JANVIER  ELITE PROTECTION / M EYI ONDO FREDY
;07/03/2026;LE ROI DES CHANTIERS;SSPG;7.000.000,00;Cash;Validé;CASH LE ROI DES CHANTIERS;;SSPG;;PAIEMENT FACTURE SSPG  DEC ET JANVIER  SSPG/MME OYANE MVE CAROLE
;07/03/2026;LE ROI DES CHANTIERS;DMT SECURITY and SERVICES;3.000.000,00;Cash;Validé;CASH LE ROI DES CHANTIERS;;DMT SECURITY and SERVICES;;DEPOT SUR COMPTE DEUXIEME AVANCE SUR FACTURE DE SECURITE DMT SECURITY AND SERVICES  DMT /M DEO
;09/03/2026;LE ROI DES CHANTIERS;HYDROTECH SERVICES;1.750.000,00;Cash;Validé;CASH LE ROI DES CHANTIERS;;HYDROTECH SERVICES;;REGLEMENT PRESTATAIRE POUR TRAVAUX D'INSTALLATION DE LA BAIE DE GRAISSAGE STATION MAKOKOU HYDROTECH SERVICES/ M NGABIKOUMOU MANDIANGA ROCK ANDRELA
;09/03/2026;LE ROI DES CHANTIERS;HYDROTECH SERVICES;1.300.000,00;Cash;Validé;CASH LE ROI DES CHANTIERS;;HYDROTECH SERVICES;;REGLEMENT RELIQUAT FACTURE POUR TRAVAUX DE TUYAUTERIE STATION MAKOKOU HYDROTECH SERVICES/ M NGABIKOUMOU MANDIANGA ROCK ANDRELA
;09/03/2026;LE ROI DES CHANTIERS;ASHLEY BTP;5.000.000,00;Cash;Validé;CASH LE ROI DES CHANTIERS;;ASHLEY BTP;;ACOMPTE SUR FACTURES  M ERIC MUNDUNMILI
;10/03/2026;LE ROI DES CHANTIERS;SODIM TP;5.739.717,00;Cash;Validé;CASH LE ROI DES CHANTIERS;;SODIM TP;;REPARATION ET ACHAT DE PNEUS POUR   03 CANTERS DU WOLEU NTEM MME FRIDA NGALO
;14/11/2023;PREMIUM MOTORS;CFAO Comptoir Francais De L'Afrique Occidentale;24.000.000,00;Virement;Validé;BGFI PM;;CFAO Comptoir Francais De L'Afrique Occidentale;;VIR.EMIS  CFAO MOTORS GABON
;27/12/2023;PREMIUM MOTORS;TOYOTA GABON;63.000.003,00;Virement;Validé;AFG PM;;TOYOTA GABON;;TRANSFERT COMPTE A COMPTE O/ PREMIUM MOTORS F/ SOCIETE TOYOTA GABON - ACHAT VEHICULE 
;05/01/2024;PREMIUM MOTORS;CFAO Comptoir Francais De L'Afrique Occidentale;77.800.000,00;Virement;Validé;AFG PM;;CFAO Comptoir Francais De L'Afrique Occidentale;;TRANSFERT COMPTE A COMPTE O/ PREMIUM MOTORS F/ COMPAGNIE FRANCAISE DE L'AFRIQUE OC - O/PREMIUM MOTORS F/CFAO MOTORS GABON/RGLMT FACTURE
;08/01/2024;PREMIUM MOTORS;AUTO DESIGN BARAKA;100.000.000,00;Virement;Validé;BGFI PM;;AUTO DESIGN BARAKA;;VIR.EMIS  AUTO DESIGN BARAKA
;08/01/2024;PREMIUM MOTORS;CFAO Comptoir Francais De L'Afrique Occidentale;80.000.000,00;Virement;Validé;BGFI PM;;CFAO Comptoir Francais De L'Afrique Occidentale;;VIR.EMIS  CFAO MOTORS GABON
;11/01/2024;PREMIUM MOTORS;AUTO DESIGN BARAKA;500.000.000,00;Virement;Validé;BGFI PM;;AUTO DESIGN BARAKA;;VIR.EMIS  AUTO DESIGN BARAKA
;16/01/2024;PREMIUM MOTORS;AUTO DESIGN BARAKA;70.000.000,00;Chèque;Validé;BGFI PM;;AUTO DESIGN BARAKA;;CHEQUE NO  8947741
;24/01/2024;PREMIUM MOTORS;;2.077.000,00;Chèque;Validé;AFG PM;;;;RETRAIT D'ESPECES PAR CHEQUE -- Cheque Num: 0000004
;25/01/2024;PREMIUM MOTORS;Nzalang services plus;515.000,00;Chèque;Validé;AFG PM;;Nzalang services plus;;RETRAIT D'ESPECES PAR CHEQUE -- Cheque Num: 0000003
;26/01/2024;PREMIUM MOTORS;2N High-Tech;1.189.275,00;Chèque;Validé;AFG PM;;2N High-Tech;;CHEQUE RECUS Num cheq: 0000007
;29/01/2024;PREMIUM MOTORS;Agence Gabonaise de Presse - AGP;14.000.000,00;Chèque;Validé;AFG PM;;Agence Gabonaise de Presse - AGP;;CHEQUE NUMERO Num cheq: 0000006
;30/01/2024;PREMIUM MOTORS;SANLAM ASSURANCE GABON;882.920,00;Chèque;Validé;AFG PM;;SANLAM ASSURANCE GABON;;CHEQUE RECUS Num cheq: 0000002
;31/01/2024;PREMIUM MOTORS;TOYOTA GABON;18.500.000,00;Virement;Validé;AFG PM;;TOYOTA GABON;;TRANSFERT COMPTE A COMPTE O/ PREMIUM MOTORS F/ SOCIETE TOYOTA GABON - O/PREMIUM MOTORS F/TOYOTA GABON/RGLMT FACTURE O/ PREMIUM MOTORSF/ SOCIETE TOYOTA GABON: O/PREMIUM MOTORS F/TOYOTA GABON/RGLMT FACTURE
;01/02/2024;PREMIUM MOTORS;TOTAL ENERGIES MARKETING GABON;1.000.000,00;Chèque;Validé;AFG PM;;TOTAL ENERGIES MARKETING GABON;;REMISE DE CHEQUE INTRA Num cheq: 0000005
;15/02/2024;PREMIUM MOTORS;SODIM TP;687.214,00;Chèque;Validé;AFG PM;;SODIM TP;;REMISE DE CHEQUE INTRA Num cheq: 0000014
;19/02/2024;PREMIUM MOTORS;TOYOTA GABON;1.547.000,00;Chèque;Validé;AFG PM;;TOYOTA GABON;;CHEQUE NUMERO Num cheq: 0000011
;15/03/2024;PREMIUM MOTORS;AUTO DESIGN BARAKA;80.000.000,00;Chèque;Validé;AFG PM;;AUTO DESIGN BARAKA;;REMISE DE CHEQUE INTRA Num cheq: 0000025
;15/03/2024;PREMIUM MOTORS;AUTO DESIGN BARAKA;80.000.000,00;Chèque;Validé;AFG PM;;AUTO DESIGN BARAKA;;REMISE DE CHEQUE INTRA Num cheq: 0000016
;15/03/2024;PREMIUM MOTORS;AUTO DESIGN BARAKA;80.000.000,00;Chèque;Validé;AFG PM;;AUTO DESIGN BARAKA;;REMISE DE CHEQUE INTRA Num cheq: 0000019
;15/03/2024;PREMIUM MOTORS;AUTO DESIGN BARAKA;80.000.000,00;Chèque;Validé;AFG PM;;AUTO DESIGN BARAKA;;REMISE DE CHEQUE INTRA Num cheq: 0000017
;15/03/2024;PREMIUM MOTORS;AUTO DESIGN BARAKA;80.000.000,00;Chèque;Validé;AFG PM;;AUTO DESIGN BARAKA;;REMISE DE CHEQUE INTRA Num cheq: 0000018
;18/03/2024;PREMIUM MOTORS;AUTO DESIGN BARAKA;150.000.000,00;Virement;Validé;AFG PM;;AUTO DESIGN BARAKA;;TRANSFERT COMPTE A COMPTE O/ PREMIUM MOTORS F/ AUTO DESIGN BARAKA - O/PREMIUM MOTORS F/AUTO DESIGN BARAKA/RGLMT FACTURE O/ PREMIUM MOTORSF/ AUTO DESIGN BARAKA: O/PREMIUM MOTORS F/AUTO DESIGN BARAKA/RGLMT FACTURE
;19/03/2024;PREMIUM MOTORS;TOYOTA GABON;298.000.000,00;Virement;Validé;AFG PM;;TOYOTA GABON;;TRANSFERT COMPTE A COMPTE O/ PREMIUM MOTORS F/ SOCIETE TOYOTA GABON - 
;19/03/2024;PREMIUM MOTORS;AXA ASSURANCES GABON;4.740.376,00;Chèque;Validé;AFG PM;;AXA ASSURANCES GABON;;ENCAISSEMENT DE CHEQUE NOS CAISSES --Cheque Num: 0000010
;20/03/2024;PREMIUM MOTORS;AXA ASSURANCES GABON;5.157.208,00;Chèque;Validé;AFG PM;;AXA ASSURANCES GABON;;REMISE DE CHEQUE INTRA Num cheq: 0000028
;21/03/2024;PREMIUM MOTORS;AUTO DESIGN BARAKA;65.000.000,00;Chèque;Validé;AFG PM;;AUTO DESIGN BARAKA;;REMISE DE CHEQUE INTRA Num cheq: 0000030
;21/03/2024;PREMIUM MOTORS;SODIM TP;210.000.000,00;Virement;Validé;AFG PM;;SODIM TP;;TRANSFERT COMPTE A COMPTE O/ PREMIUM MOTORS F/ SOCIETE SODIM TP - RGLMT FACTURE
;22/03/2024;PREMIUM MOTORS;SODIM TP;125.000.000,00;Virement;Validé;AFG PM;;SODIM TP;;TRANSFERT COMPTE A COMPTE O/ PREMIUM MOTORS F/ SOCIETE SODIM TP - O/PREMIUM MOTORS F/SODIM TP/RGLMT FOURNISSEUR
;25/03/2024;PREMIUM MOTORS;TOYOTA GABON;2.763.246,00;Chèque;Validé;AFG PM;;TOYOTA GABON;;CHEQUE RECUS Num cheq: 0000013
;25/03/2024;PREMIUM MOTORS;ASTRAL;3.000.000,00;Chèque;Validé;AFG PM;;ASTRAL;;REMISE DE CHEQUE INTRA Num cheq: 0000031
;25/03/2024;PREMIUM MOTORS;TOTAL ENERGIES MARKETING GABON;1.500.000,00;Chèque;Validé;AFG PM;;TOTAL ENERGIES MARKETING GABON;;REMISE DE CHEQUE INTRA Num cheq: 0000034
;25/03/2024;PREMIUM MOTORS;AXA ASSURANCES GABON;8.819.805,00;Chèque;Validé;AFG PM;;AXA ASSURANCES GABON;;REMISE DE CHEQUE INTRA Num cheq: 0000033
;25/03/2024;PREMIUM MOTORS;AUTO DESIGN BARAKA;50.000.000,00;Chèque;Validé;AFG PM;;AUTO DESIGN BARAKA;;RETRAIT D'ESPECES PAR CHEQUE -- Cheque Num: 0000037
;25/03/2024;PREMIUM MOTORS;AUTO DESIGN BARAKA;50.000.000,00;Chèque;Validé;BGFI PM;;AUTO DESIGN BARAKA;;RETRAIT CH 8947954 MR KAHIL H
;27/03/2024;PREMIUM MOTORS;AUTO DESIGN BARAKA;37.500.000,00;Chèque;Validé;AFG PM;;AUTO DESIGN BARAKA;;REMISE DE CHEQUE INTRA Num cheq: 0000035
;04/04/2024;PREMIUM MOTORS;AUTO DESIGN BARAKA;249.500.000,00;Virement;Validé;AFG PM;;AUTO DESIGN BARAKA;;TRANSFERT COMPTE A COMPTE O/ PREMIUM MOTORS F/ AUTO DESIGN BARAKA -/RGLMT
;05/04/2024;PREMIUM MOTORS;AUTO DESIGN BARAKA;66.375.000,00;Virement;Validé;AFG PM;;AUTO DESIGN BARAKA;;VIREMENT PAIEMENT CH N° 0000020
;05/04/2024;PREMIUM MOTORS;AUTO DESIGN BARAKA;66.375.000,00;Virement;Validé;AFG PM;;AUTO DESIGN BARAKA;;VIREMENT PAIEMENT CH N° 0000023
;11/04/2024;PREMIUM MOTORS;AXA ASSURANCES GABON;28.629.080,00;Chèque;Validé;AFG PM;;AXA ASSURANCES GABON;;REMISE DE CHEQUE INTRA Num cheq: 0000043
;11/04/2024;PREMIUM MOTORS;AUTO DESIGN BARAKA;66.375.000,00;Chèque;Validé;AFG PM;;AUTO DESIGN BARAKA;;ENCAISSEMENT DE CHEQUE NOS CAISSES --Cheque Num: 0000022
;12/04/2024;PREMIUM MOTORS;GABON SPRIINT AUTO;67.000.000,00;Virement;Validé;AFG PM;;GABON SPRIINT AUTO;;TRANSFERT COMPTE A COMPTE O/ PREMIUM MOTORS F/ SOCIETE GABON SPRINT AUTO G.S.A - RGT FACT
;12/04/2024;PREMIUM MOTORS;GABON SPRIINT AUTO;62.000.000,00;Virement;Validé;AFG PM;;GABON SPRIINT AUTO;;TRANSFERT COMPTE A COMPTE PREMIUM MOTORS FAVEUR GABON SPRINT AUTO/RGT FACTURE
;08/05/2024;PREMIUM MOTORS;AUTO DESIGN BARAKA;66.375.000,00;Chèque;Validé;AFG PM;;AUTO DESIGN BARAKA;;CHEQUE NUMERO Num cheq: 0000021
;08/05/2024;PREMIUM MOTORS;AUTO DESIGN BARAKA;37.500.000,00;Chèque;Validé;AFG PM;;AUTO DESIGN BARAKA;;CHEQUE NUMERO Num cheq: 0000036
;10/05/2024;PREMIUM MOTORS;AUTO DESIGN BARAKA;68.875.000,00;Chèque;Validé;AFG PM;;AUTO DESIGN BARAKA;;CHEQUE NUMERO Num cheq: 0000044
;14/05/2024;PREMIUM MOTORS;LUXURY CAR;500.000.000,00;Virement;Validé;AFG PM;;LUXURY CAR;;TRANSFERT COMPTE A COMPTE O/ PREMIUM MOTORS F/ LUXURY CAR - VRT O/LE ROI DES CHANTIERS FAVEUR LUXURY CAR/RGT FACT
;14/05/2024;PREMIUM MOTORS;AXA ASSURANCES GABON;14.484.443,00;Chèque;Validé;AFG PM;;AXA ASSURANCES GABON;;REMISE DE CHEQUE INTRA Num cheq: 0000110
;29/05/2024;PREMIUM MOTORS;GABON SPRIINT AUTO;2.378.868,00;Virement;Validé;AFG PM;;GABON SPRIINT AUTO;;VIREMENT PAIEMENT CH 0000114
;29/05/2024;PREMIUM MOTORS;AUTO DESIGN BARAKA;68.875.000,00;Chèque;Validé;AFG PM;;AUTO DESIGN BARAKA;;CHEQUE NUMERO Num cheq: 0000045
;03/06/2024;PREMIUM MOTORS;TECHNI PNEUS;14.100.000,00;Chèque;Validé;AFG PM;;TECHNI PNEUS;;RETRAIT D'ESPECES PAR CHEQUE -- Cheque Num: 0000121
;06/06/2024;PREMIUM MOTORS;KORUM;16.558.000,00;Virement;Validé;AFG PM;;KORUM;;VIREMENT PAIEMENT CH 0000124
;06/11/2024;PREMIUM MOTORS;MECANO AUTO DESIGN;2.500.000,00;Chèque;Validé;AFG PM;;MECANO AUTO DESIGN;;CHEQUE RECUS Num cheq: 0000145
;06/11/2024;PREMIUM MOTORS;JAIPUR TRAVELS;1.190.000,00;Chèque;Validé;AFG PM;;JAIPUR TRAVELS;;CHEQUE RECUS Num cheq: 0000148
;07/11/2024;PREMIUM MOTORS;TECHNI PNEUS;3.000.000,00;Chèque;Validé;AFG PM;;TECHNI PNEUS;;CHEQUE RECUS Num cheq: 0000146
;07/11/2024;PREMIUM MOTORS;GIPA GABONAISE D'IMPRIMERIE ET DE PAPETERIE SA;1.418.300,00;Chèque;Validé;AFG PM;;GIPA GABONAISE D'IMPRIMERIE ET DE PAPETERIE SA;;CHEQUE RECUS Num cheq: 0000091
;07/11/2024;PREMIUM MOTORS;GABON SPECIAL ECONOMIC ZONE PORT S.A.;459.500,00;Chèque;Validé;AFG PM;;GABON SPECIAL ECONOMIC ZONE PORT S.A.;;CHEQUE RECUS Num cheq: 0000149
;08/11/2024;PREMIUM MOTORS;SADA MOTORS GABON;979.740,00;Chèque;Validé;AFG PM;;SADA MOTORS GABON;;CHEQUE RECUS Num cheq: 0000147
;11/03/2025;PREMIUM MOTORS;AUTO DESIGN BARAKA;150.000.000,00;Virement;Validé;AFG PM;;AUTO DESIGN BARAKA;;DEBIT DIVERS REGULARISATION ECRITURE DU 05 FEVRIER 2024 NON DEBITE A CE JOUR - VIREMENT FAVEUR AUTO DESIGN BARAKA
;27/05/2025;PREMIUM MOTORS;CREDIT BAIL AFG;85.670.984,00;Opération bancaire;Validé;AFG PM;;CREDIT BAIL AFG;;REGULARISATION REGULARISATION SUR DIVERS LOYERS IMPAYES OCTOBRE A DECEMBRE 2024, JANVIER A AVRIL 2025
;27/05/2025;PREMIUM MOTORS;ELITE PROTECTION SECURITE;4.395.000,00;Chèque;Validé;BGFI PM;;ELITE PROTECTION SECURITE;;CHEQUE NO  8947807
;30/05/2025;PREMIUM MOTORS;GEOTECHNIC SUARL;4.000.000,00;Chèque;Validé;BGFI PM;;GEOTECHNIC SUARL;;CHEQUE NO  8947808
;10/07/2025;PREMIUM MOTORS;CREDIT BAIL AFG;4.734.452,00;Opération bancaire;Validé;AFG PM;;CREDIT BAIL AFG;;REGULARISATION REGULARISATION SUR LOYER IMPAYE DU 30/06/2025
;10/07/2025;PREMIUM MOTORS;CREDIT BAIL AFG;23.672.257,00;Opération bancaire;Validé;AFG PM;;CREDIT BAIL AFG;;PRELEVEMENT REGULARISATION SUR LOYER IMPAYE DU 30/06/2025
;10/07/2025;PREMIUM MOTORS;CREDIT BAIL AFG;47.081.437,00;Opération bancaire;Validé;AFG PM;;CREDIT BAIL AFG;;REGULARISATION REGULARISATION SUR LOYER IMPAYE DU 30/06/2025
;04/08/2025;PREMIUM MOTORS;CREDIT BAIL AFG;47.081.437,00;Opération bancaire;Validé;AFG PM;;CREDIT BAIL AFG;;REGULARISATION REGULARISATION SUR LOYER IMPAYE DU 30/07/2025
;04/08/2025;PREMIUM MOTORS;CREDIT BAIL AFG;4.734.452,00;Opération bancaire;Validé;AFG PM;;CREDIT BAIL AFG;;REGULARISATION REGULARISATION SUR LOYER IMPAYE DU 30/07/2025
;04/08/2025;PREMIUM MOTORS;CREDIT BAIL AFG;23.672.257,00;Opération bancaire;Validé;AFG PM;;CREDIT BAIL AFG;;REGULARISATION REGULARISATION SUR LOYER IMPAYE DU 30/07/2025
;07/08/2025;PREMIUM MOTORS;COMETAL;100.000.000,00;Virement;Validé;AFG PM;;COMETAL;;VIREMENT O/ 1/PREMIUM MOTORS F/ COMETAL
;11/09/2025;PREMIUM MOTORS;LV EQUIPEMENT SERVICE;75.000.000,00;Chèque;Validé;AFG PM;;LV EQUIPEMENT SERVICE;;CHEQUE NUMERO Num cheq: 0000201
;11/09/2025;PREMIUM MOTORS;LV EQUIPEMENT SERVICE;75.000.000,00;Chèque;Validé;AFG PM;;LV EQUIPEMENT SERVICE;;CHEQUE NUMERO Num cheq: 0000202
;03/11/2025;PREMIUM MOTORS;CREDIT BAIL AFG;4.734.452,00;Opération bancaire;Validé;AFG PM;;CREDIT BAIL AFG;;REGULARISATION REGUARISATION SUR LOYER IMAPYE DU 30/09/2025
;03/11/2025;PREMIUM MOTORS;CREDIT BAIL AFG;23.672.257,00;Opération bancaire;Validé;AFG PM;;CREDIT BAIL AFG;;REGULARISATION REGUARISATION SUR LOYER IMAPYE DU 30/09/2025
;03/11/2025;PREMIUM MOTORS;CREDIT BAIL AFG;47.081.435,00;Opération bancaire;Validé;AFG PM;;CREDIT BAIL AFG;;REGULARISATION REGUARISATION SUR LOYER IMAPYE DU 30/09/2025
;16/01/2026;PREMIUM MOTORS;TECHNI PNEUS;2.689.540,00;Chèque;Validé;BGFI PM;;TECHNI PNEUS;;CHEQUE NO  8947991
;30/01/2026;PREMIUM MOTORS;KUA AUTO;4.000.000,00;Cash;Validé;CASH PREMIUM MOTORS;;KUA AUTO;;ACOMPTE SUR FACTURE  KUA AUTO/ M KOSTA ULRICH
;20/02/2026;PREMIUM MOTORS;VIVO ENERGY GABON;2.000.000,00;Cash;Validé;CASH PREMIUM MOTORS;;VIVO ENERGY GABON;;CARBURANT DES VEHICULES DE LOCATION DE PM  MME CATHERINE ADIAHENOT
;05/03/2026;PREMIUM MOTORS;DMT SECURITY and SERVICES;4.000.000,00;Cash;Validé;CASH PREMIUM MOTORS;;DMT SECURITY and SERVICES;;AVANCE SUR FACTURE POUR PAIEMENT SOCIETE DE GARDIENNAGE PM POG  M DEO
;05/03/2026;PREMIUM MOTORS;TECHNI PNEUS;5.248.200,00;Cash;Validé;CASH PREMIUM MOTORS;;TECHNI PNEUS;;MAINTENANCE VEHICULES PM LBV( vidanges/plaquettes de freins/visites techniques/cartes d'exctincteur)/MONTAGE ET EQUILIBRAGE PNEUS  M DEO
;07/03/2026;PREMIUM MOTORS;DMT SECURITY and SERVICES;3.000.000,00;Cash;Validé;CASH PREMIUM MOTORS;;DMT SECURITY and SERVICES;;DEPOT SUR COMPTE DEUXIEME AVANCE SUR FACTURE DE SECURITE DMT SECURITY AND SERVICES DMT /M
;28/04/2026;PREMIUM MOTORS;AUTO DESIGN BARAKA;200.000.000,00;Virement;Validé;BGFI PM;;AUTO DESIGN BARAKA;;VIREMENT AUTODESIGN BARAKA
